?subject	?property	?value
<http://www.owl-ontologies.com/Ontology1435740495.owl#f001>	<http://www.w3.org/2002/07/owl#versionInfo>	"Biscotti INTEGRALI"
<http://www.owl-ontologies.com/Ontology1435740495.owl#f002>	<http://www.w3.org/2002/07/owl#versionInfo>	"BISCOTTI FROLLINI"
<http://www.owl-ontologies.com/Ontology1435740495.owl#f003>	<http://www.w3.org/2002/07/owl#versionInfo>	"BISCOTTI WAFER"
<http://www.owl-ontologies.com/Ontology1435740495.owl#f004>	<http://www.w3.org/2002/07/owl#versionInfo>	"Pane tipo ROSETTA"
<http://www.owl-ontologies.com/Ontology1435740495.owl#f005>	<http://www.w3.org/2002/07/owl#versionInfo>	"Pane INTEGRALE"
<http://www.owl-ontologies.com/Ontology1435740495.owl#f006>	<http://www.w3.org/2002/07/owl#versionInfo>	"Pane TIPO 0"
<http://www.owl-ontologies.com/Ontology1435740495.owl#f007>	<http://www.w3.org/2002/07/owl#versionInfo>	"Pane TIPO 00"
<http://www.owl-ontologies.com/Ontology1435740495.owl#f008>	<http://www.w3.org/2002/07/owl#versionInfo>	"Pane TIPO 1"
<http://www.owl-ontologies.com/Ontology1435740495.owl#f009>	<http://www.w3.org/2002/07/owl#versionInfo>	"CROISSANTS"
<http://www.owl-ontologies.com/Ontology1435740495.owl#f010>	<http://www.w3.org/2002/07/owl#versionInfo>	"Pizza BIANCA"
<http://www.owl-ontologies.com/Ontology1435740495.owl#f011>	<http://www.w3.org/2002/07/owl#versionInfo>	"Pizza pomodoro"
<http://www.owl-ontologies.com/Ontology1435740495.owl#f012>	<http://www.w3.org/2002/07/owl#versionInfo>	"Pizza pomodoro e mozzarella"
<http://www.owl-ontologies.com/Ontology1435740495.owl#f013>	<http://www.w3.org/2002/07/owl#versionInfo>	"Pasta ALLl'UOVO COTTA"
<http://www.owl-ontologies.com/Ontology1435740495.owl#f014>	<http://www.w3.org/2002/07/owl#versionInfo>	"Pasta di SEMOLA COTTA"
<http://www.owl-ontologies.com/Ontology1435740495.owl#f015>	<http://www.w3.org/2002/07/owl#versionInfo>	"Pasta di SEMOLA COTTA AL RAGU'"
<http://www.owl-ontologies.com/Ontology1435740495.owl#f016>	<http://www.w3.org/2002/07/owl#versionInfo>	"Pasta di semola cotta INTEGRALE COTTA"
<http://www.owl-ontologies.com/Ontology1435740495.owl#f017>	<http://www.w3.org/2002/07/owl#versionInfo>	"Pasta di semola cotta INTEGRALE COTTA AL RAGU'"
<http://www.owl-ontologies.com/Ontology1435740495.owl#f018>	<http://www.w3.org/2002/07/owl#versionInfo>	"Riso INTEGRALE CRUDO"
<http://www.owl-ontologies.com/Ontology1435740495.owl#f019>	<http://www.w3.org/2002/07/owl#versionInfo>	"Riso INTEGRALE COTTO"
<http://www.owl-ontologies.com/Ontology1435740495.owl#f020>	<http://www.w3.org/2002/07/owl#versionInfo>	"Riso PARBOILED CRUDO"
<http://www.owl-ontologies.com/Ontology1435740495.owl#f021>	<http://www.w3.org/2002/07/owl#versionInfo>	"Riso BOLLITO"
<http://www.owl-ontologies.com/Ontology1435740495.owl#f022>	<http://www.w3.org/2002/07/owl#versionInfo>	"Riso SOFFIATO,da prima colazione"
<http://www.owl-ontologies.com/Ontology1435740495.owl#f023>	<http://www.w3.org/2002/07/owl#versionInfo>	"Ceci in scatola,scolati"
<http://www.owl-ontologies.com/Ontology1435740495.owl#f024>	<http://www.w3.org/2002/07/owl#versionInfo>	"Ceci SECCHI CRUDI"
<http://www.owl-ontologies.com/Ontology1435740495.owl#f025>	<http://www.w3.org/2002/07/owl#versionInfo>	"Ceci SECCHI COTTI"
<http://www.owl-ontologies.com/Ontology1435740495.owl#f026>	<http://www.w3.org/2002/07/owl#versionInfo>	"Piselli freschi CRUDI"
<http://www.owl-ontologies.com/Ontology1435740495.owl#f027>	<http://www.w3.org/2002/07/owl#versionInfo>	"Piselli freschi COTTI"
<http://www.owl-ontologies.com/Ontology1435740495.owl#f028>	<http://www.w3.org/2002/07/owl#versionInfo>	"Piselli in scatola"
<http://www.owl-ontologies.com/Ontology1435740495.owl#f029>	<http://www.w3.org/2002/07/owl#versionInfo>	"Piselli SURGELATI"
<http://www.owl-ontologies.com/Ontology1435740495.owl#f030>	<http://www.w3.org/2002/07/owl#versionInfo>	"Lenticchie in scatola,scolate"
<http://www.owl-ontologies.com/Ontology1435740495.owl#f031>	<http://www.w3.org/2002/07/owl#versionInfo>	"Lenticchie secche CRUDE"
<http://www.owl-ontologies.com/Ontology1435740495.owl#f032>	<http://www.w3.org/2002/07/owl#versionInfo>	"Lenticchie secche COTTE"
<http://www.owl-ontologies.com/Ontology1435740495.owl#f033>	<http://www.w3.org/2002/07/owl#versionInfo>	"Fagioli bianchi CRUDI"
<http://www.owl-ontologies.com/Ontology1435740495.owl#f034>	<http://www.w3.org/2002/07/owl#versionInfo>	"Fagioli bianchi COTTI"
<http://www.owl-ontologies.com/Ontology1435740495.owl#f035>	<http://www.w3.org/2002/07/owl#versionInfo>	"Fagioli borlotti freschi COTTI"
<http://www.owl-ontologies.com/Ontology1435740495.owl#f036>	<http://www.w3.org/2002/07/owl#versionInfo>	"Fagioli borlotti in scatola, scolati"
<http://www.owl-ontologies.com/Ontology1435740495.owl#f037>	<http://www.w3.org/2002/07/owl#versionInfo>	"Fagioli cannellini in scatola, scolati"
<http://www.owl-ontologies.com/Ontology1435740495.owl#f038>	<http://www.w3.org/2002/07/owl#versionInfo>	"Fagioli cannellini secchi COTTI"
<http://www.owl-ontologies.com/Ontology1435740495.owl#f039>	<http://www.w3.org/2002/07/owl#versionInfo>	"Albicocche FRESCHE parte edibile 94%"
<http://www.owl-ontologies.com/Ontology1435740495.owl#f040>	<http://www.w3.org/2002/07/owl#versionInfo>	"Ananas FRESCO Parte edibile 57 %"
<http://www.owl-ontologies.com/Ontology1435740495.owl#f041>	<http://www.w3.org/2002/07/owl#versionInfo>	"Arance SUCCO"
<http://www.owl-ontologies.com/Ontology1435740495.owl#f042>	<http://www.w3.org/2002/07/owl#versionInfo>	"Banane; parte edibile 65%"
<http://www.owl-ontologies.com/Ontology1435740495.owl#f043>	<http://www.w3.org/2002/07/owl#versionInfo>	"Castagne arrostite parte edibile 82%"
<http://www.owl-ontologies.com/Ontology1435740495.owl#f044>	<http://www.w3.org/2002/07/owl#versionInfo>	"Castagne bollite parte edibile 88%"
<http://www.owl-ontologies.com/Ontology1435740495.owl#f045>	<http://www.w3.org/2002/07/owl#versionInfo>	"Castagne secche"
<http://www.owl-ontologies.com/Ontology1435740495.owl#f046>	<http://www.w3.org/2002/07/owl#versionInfo>	"Ciliege fresche parte edibile 86%"
<http://www.owl-ontologies.com/Ontology1435740495.owl#f047>	<http://www.w3.org/2002/07/owl#versionInfo>	"Cocomero"
<http://www.owl-ontologies.com/Ontology1435740495.owl#f048>	<http://www.w3.org/2002/07/owl#versionInfo>	"Fichi freschi"
<http://www.owl-ontologies.com/Ontology1435740495.owl#f049>	<http://www.w3.org/2002/07/owl#versionInfo>	"Fragola parte edibile 94%"
<http://www.owl-ontologies.com/Ontology1435740495.owl#f050>	<http://www.w3.org/2002/07/owl#versionInfo>	"Pesche senza buccia, parte edibile 91%"
<http://www.owl-ontologies.com/Ontology1435740495.owl#f051>	<http://www.w3.org/2002/07/owl#versionInfo>	"Mele golden parte edibile 73%"
<http://www.owl-ontologies.com/Ontology1435740495.owl#f052>	<http://www.w3.org/2002/07/owl#versionInfo>	"Mele granny_smith parte edibile 81%"
<http://www.owl-ontologies.com/Ontology1435740495.owl#f053>	<http://www.w3.org/2002/07/owl#versionInfo>	"Mele renette parte edibile 71%"
<http://www.owl-ontologies.com/Ontology1435740495.owl#f061>	<http://www.w3.org/2002/07/owl#versionInfo>	"Ricotta di pecora"
<http://www.owl-ontologies.com/Ontology1435740495.owl#f064>	<http://www.w3.org/2002/07/owl#versionInfo>	"Uovo di gallina INTERO parte edibile 87%"
<http://www.owl-ontologies.com/Ontology1435740495.owl#f065>	<http://www.w3.org/2002/07/owl#versionInfo>	"Uovo di anatra INTERO"
<http://www.owl-ontologies.com/Ontology1435740495.owl#f066>	<http://www.w3.org/2002/07/owl#versionInfo>	"Uovo di gallina cotto a frittata o strapazzato"
<http://www.owl-ontologies.com/Ontology1435740495.owl#f067>	<http://www.w3.org/2002/07/owl#versionInfo>	"Uovo di gallina cotto alla coque o sodo"
<http://www.owl-ontologies.com/Ontology1435740495.owl#f070>	<http://www.w3.org/2002/07/owl#versionInfo>	"Olii vegetali: oliva, soia, mais, ecc."
<http://www.owl-ontologies.com/Ontology1435740495.owl#f071>	<http://www.w3.org/2002/07/owl#versionInfo>	"Cervello di Bovino"
<http://www.owl-ontologies.com/Ontology1435740495.owl#f072>	<http://www.w3.org/2002/07/owl#versionInfo>	"Cuore di Bovino"
<http://www.owl-ontologies.com/Ontology1435740495.owl#f073>	<http://www.w3.org/2002/07/owl#versionInfo>	"Rene di bovino"
<http://www.owl-ontologies.com/Ontology1435740495.owl#f074>	<http://www.w3.org/2002/07/owl#versionInfo>	"Fegato di bovino"
<http://www.owl-ontologies.com/Ontology1435740495.owl#f075>	<http://www.w3.org/2002/07/owl#versionInfo>	"Acciughe sott'olio"
<http://www.owl-ontologies.com/Ontology1435740495.owl#f076>	<http://www.w3.org/2002/07/owl#versionInfo>	"Calamaro fresco parte edibile 65%"
<http://www.owl-ontologies.com/Ontology1435740495.owl#f077>	<http://www.w3.org/2002/07/owl#versionInfo>	"Calamaro surgelato parte edibile 59 %"
<http://www.owl-ontologies.com/Ontology1435740495.owl#f078>	<http://www.w3.org/2002/07/owl#versionInfo>	"Gamberi freschi parte edibile 45%"
<http://www.owl-ontologies.com/Ontology1435740495.owl#f079>	<http://www.w3.org/2002/07/owl#versionInfo>	"Gamberi surgelati, sgusciati"
<http://www.owl-ontologies.com/Ontology1435740495.owl#f080>	<http://www.w3.org/2002/07/owl#versionInfo>	"Merluzzo o nasello, fresco; parte edibile 76%"
<http://www.owl-ontologies.com/Ontology1435740495.owl#f081>	<http://www.w3.org/2002/07/owl#versionInfo>	"Merluzzo o nasello surgelato; parte edibile 75%"
<http://www.owl-ontologies.com/Ontology1435740495.owl#f082>	<http://www.w3.org/2002/07/owl#versionInfo>	"Merluzzo o nasello surgelato cotto con aggiunta di sale e di grassi scolato dal grasso prodotto dalla cottura; parte edibile 75%"
<http://www.owl-ontologies.com/Ontology1435740495.owl#f083>	<http://www.w3.org/2002/07/owl#versionInfo>	"Merluzzo o nasello, bastoncini di pesce surgelati"
<http://www.owl-ontologies.com/Ontology1435740495.owl#f084>	<http://www.w3.org/2002/07/owl#versionInfo>	"Merluzzo o nasello, baccalà secco; parte edibile 75%"
<http://www.owl-ontologies.com/Ontology1435740495.owl#f085>	<http://www.w3.org/2002/07/owl#versionInfo>	"Merluzzo o nasello, baccalà ammollato; parte edibile 82%"
<http://www.owl-ontologies.com/Ontology1435740495.owl#f086>	<http://www.w3.org/2002/07/owl#versionInfo>	"Sogliola fresca; parte edibile 48%"
<http://www.owl-ontologies.com/Ontology1435740495.owl#f087>	<http://www.w3.org/2002/07/owl#versionInfo>	"Sogliola surgelata; parte edibile 48%"
<http://www.owl-ontologies.com/Ontology1435740495.owl#f088>	<http://www.w3.org/2002/07/owl#versionInfo>	"Tonno, fresco; parte edibile 90%"
<http://www.owl-ontologies.com/Ontology1435740495.owl#f089>	<http://www.w3.org/2002/07/owl#versionInfo>	"Tonno sott'olio, sgocciolato"
<http://www.owl-ontologies.com/Ontology1435740495.owl#f090>	<http://www.w3.org/2002/07/owl#versionInfo>	"Spigola; parte edibile 54%"
<http://www.owl-ontologies.com/Ontology1435740495.owl#f091>	<http://www.w3.org/2002/07/owl#versionInfo>	"Spigola d'allevamento, filetti"
<http://www.owl-ontologies.com/Ontology1435740495.owl#f092>	<http://www.w3.org/2002/07/owl#versionInfo>	"Orata fresca, filetti, selvatica"
<http://www.owl-ontologies.com/Ontology1435740495.owl#f093>	<http://www.w3.org/2002/07/owl#versionInfo>	"Orata surgelata; parte edibile 69%"
<http://www.owl-ontologies.com/Ontology1435740495.owl#f094>	<http://www.w3.org/2002/07/owl#versionInfo>	"Orata d'allevamento"
<http://www.owl-ontologies.com/Ontology1435740495.owl#f095>	<http://www.w3.org/2002/07/owl#versionInfo>	"Salmone fresco; parte edibile 65%"
<http://www.owl-ontologies.com/Ontology1435740495.owl#f096>	<http://www.w3.org/2002/07/owl#versionInfo>	"Salmone affumicato"
<http://www.owl-ontologies.com/Ontology1435740495.owl#f097>	<http://www.w3.org/2002/07/owl#versionInfo>	"Salmone in salamoia; parte edibile 98%"
<http://www.owl-ontologies.com/Ontology1435740495.owl#f098>	<http://www.w3.org/2002/07/owl#versionInfo>	"Vongola; parte edibile 25%"
<http://www.owl-ontologies.com/Ontology1435740495.owl#f099>	<http://www.w3.org/2002/07/owl#versionInfo>	"Latte pastorizzato, intero; 1 L di latte pesa 1030 gr\nNella vitamina A, 5 mug provengono dai Caroteni"
<http://www.owl-ontologies.com/Ontology1435740495.owl#f100>	<http://www.w3.org/2002/07/owl#versionInfo>	"Latte UHT, parz. scremato"
<http://www.owl-ontologies.com/Ontology1435740495.owl#f101>	<http://www.w3.org/2002/07/owl#versionInfo>	"Latte pastorizzato, scremato"
<http://www.owl-ontologies.com/Ontology1435740495.owl#f102>	<http://www.w3.org/2002/07/owl#versionInfo>	"Latte pastorizzato, parzialmente scremato"
<http://www.owl-ontologies.com/Ontology1435740495.owl#f103>	<http://www.w3.org/2002/07/owl#versionInfo>	"Yogurt da latte, intero"
<http://www.owl-ontologies.com/Ontology1435740495.owl#f104>	<http://www.w3.org/2002/07/owl#versionInfo>	"Yogurt da latte intero, alla frutta"
<http://www.owl-ontologies.com/Ontology1435740495.owl#f106>	<http://www.w3.org/2002/07/owl#versionInfo>	"Mortadella solo suino"
<http://www.owl-ontologies.com/Ontology1435740495.owl#f107>	<http://www.w3.org/2002/07/owl#versionInfo>	"Pancetta magretta"
<http://www.owl-ontologies.com/Ontology1435740495.owl#f108>	<http://www.w3.org/2002/07/owl#versionInfo>	"Pancetta tesa"
<http://www.owl-ontologies.com/Ontology1435740495.owl#f110>	<http://www.w3.org/2002/07/owl#versionInfo>	"Prosciutto crudo San Daniele"
<http://www.owl-ontologies.com/Ontology1435740495.owl#f111>	<http://www.w3.org/2002/07/owl#versionInfo>	"Salami milano"
<http://www.owl-ontologies.com/Ontology1435740495.owl#f112>	<http://www.w3.org/2002/07/owl#versionInfo>	"Salsiccia di suino fresca cotta in padella senza aggiunta di grassi e di sale"
<http://www.owl-ontologies.com/Ontology1435740495.owl#f113>	<http://www.w3.org/2002/07/owl#versionInfo>	"Speck"
<http://www.owl-ontologies.com/Ontology1435740495.owl#f114>	<http://www.w3.org/2002/07/owl#versionInfo>	"Wurstell cotto senza aggiunta di grassi e di sale"
<http://www.owl-ontologies.com/Ontology1435740495.owl#f115>	<http://www.w3.org/2002/07/owl#versionInfo>	"Bug-burger, peso medio 191 gr\nPane all'olio o al latte, doppio hamburger di carne bovina, ketchup, verdure (lattuga, cetriolo, cipolla, pomodoro)"
<http://www.owl-ontologies.com/Ontology1435740495.owl#f116>	<http://www.w3.org/2002/07/owl#versionInfo>	"Cheese-burger,(peso medio 132gr)\nPane all'olio o al latte, hamburger di carne bovina, ketchup, le stesse verdure+ formaggio"
<http://www.owl-ontologies.com/Ontology1435740495.owl#f117>	<http://www.w3.org/2002/07/owl#versionInfo>	"Pane all'olio o al latte, hamburger di carne bovina, ketchup, le stesse verdure"
<http://www.owl-ontologies.com/Ontology1435740495.owl#f118>	<http://www.w3.org/2002/07/owl#versionInfo>	"Agnello cotto"
<http://www.owl-ontologies.com/Ontology1435740495.owl#f119>	<http://www.w3.org/2002/07/owl#versionInfo>	"Coniglio , intero, cotto; parte edibile 71%"
<http://www.owl-ontologies.com/Ontology1435740495.owl#f120>	<http://www.w3.org/2002/07/owl#versionInfo>	"Faraona coscio, senza pelle, cotto allo spiedo senza aggiunta di grassi e di sale e scolato dal grasso prodotto con la cottura.\nparte edibile ASSENTE"
<http://www.owl-ontologies.com/Ontology1435740495.owl#f121>	<http://www.w3.org/2002/07/owl#versionInfo>	"Faraona petto, senza pelle, cotto allo spiedo senza aggiunta di grassi e di sale e scolato dal grasso prodotto con la cottura.\nParte edibile ASSENTE"
<http://www.owl-ontologies.com/Ontology1435740495.owl#f122>	<http://www.w3.org/2002/07/owl#versionInfo>	"Gallina pronta da cuocere (lo scarto è costituito solo dalle ossa del busto)"
<http://www.owl-ontologies.com/Ontology1435740495.owl#f123>	<http://www.w3.org/2002/07/owl#versionInfo>	"Maiale, leggero bistecca cotta\nCottura in padella senza aggiunta di grassi e di sale"
<http://www.owl-ontologies.com/Ontology1435740495.owl#f124>	<http://www.w3.org/2002/07/owl#versionInfo>	"Maiale leggero, coscio"
<http://www.owl-ontologies.com/Ontology1435740495.owl#f125>	<http://www.w3.org/2002/07/owl#versionInfo>	"Maiale, leggero, lombo\nparte edibile 79%"
<http://www.owl-ontologies.com/Ontology1435740495.owl#f126>	<http://www.w3.org/2002/07/owl#versionInfo>	"Maiale, leggero spalla;\nparte edibile 79%"
<http://www.owl-ontologies.com/Ontology1435740495.owl#f127>	<http://www.w3.org/2002/07/owl#versionInfo>	"Maiale, pesante leg\nParte edibile 90%"
<http://www.owl-ontologies.com/Ontology1435740495.owl#f128>	<http://www.w3.org/2002/07/owl#versionInfo>	"Maiale, pesante loin\nParte edibile 78%"
<http://www.owl-ontologies.com/Ontology1435740495.owl#f129>	<http://www.w3.org/2002/07/owl#versionInfo>	"Maiale, pesante, spalla\nParte edibile 94%"
<http://www.owl-ontologies.com/Ontology1435740495.owl#f130>	<http://www.w3.org/2002/07/owl#versionInfo>	"Pollo, petto cotto in padella senza aggiunta di grassi e di sale\nParte edibile 98%"
<http://www.owl-ontologies.com/Ontology1435740495.owl#f131>	<http://www.w3.org/2002/07/owl#versionInfo>	"Pollo, ala con pelle, cotta in forno senza aggiunta di grassi e di sale e scolato dal grasso prodotto con la cottura\nParte edibile 60%"
<http://www.owl-ontologies.com/Ontology1435740495.owl#f132>	<http://www.w3.org/2002/07/owl#versionInfo>	"Pollo intero (pronto da cuocere;sono escluse le interiora, la testa e le zampe) con pelle cotta in forno senza aggiunta di grassi e di sale e scolato dal grasso prodotto con la cottura\nParte edibile 74%"
<http://www.owl-ontologies.com/Ontology1435740495.owl#f133>	<http://www.w3.org/2002/07/owl#versionInfo>	"Pollo intero senza pelle cotta in forno senza aggiunta di grassi e di sale e scolato dal grasso prodotto con la cottura\nParte edibile 63%"
<http://www.owl-ontologies.com/Ontology1435740495.owl#f134>	<http://www.w3.org/2002/07/owl#versionInfo>	"Vitello (viene macellato a circa 120 giorni), filetto crudo"
<http://www.owl-ontologies.com/Ontology1435740495.owl#f135>	<http://www.w3.org/2002/07/owl#versionInfo>	"Vitello, filetto, cotto in padella senza aggiunta di grassi e di sale"
<http://www.owl-ontologies.com/Ontology1435740495.owl#f136>	<http://www.w3.org/2002/07/owl#versionInfo>	"Tacchino,fesa cotta in padella senza aggiunta di grassi e di sale"
<http://www.owl-ontologies.com/Ontology1435740495.owl#f137>	<http://www.w3.org/2002/07/owl#versionInfo>	"Tacchino intero con pelle, crudo\nParte edibile 70%"
<http://www.owl-ontologies.com/Ontology1435740495.owl#f138>	<http://www.w3.org/2002/07/owl#versionInfo>	"Tacchino, sovracoscio senza pelle cotto in forno senza aggiunta di grassi e di sale e scolato dal grasso prodotto con la cottura\nParte edibile 84%"
<http://www.owl-ontologies.com/Ontology1435740495.owl#f139>	<http://www.w3.org/2002/07/owl#versionInfo>	"Aglio\nParte edibile 75%"
<http://www.owl-ontologies.com/Ontology1435740495.owl#f140>	<http://www.w3.org/2002/07/owl#versionInfo>	""
<http://www.owl-ontologies.com/Ontology1435740495.owl#f141>	<http://www.w3.org/2002/07/owl#versionInfo>	"Basilico"
<http://www.owl-ontologies.com/Ontology1435740495.owl#f142>	<http://www.w3.org/2002/07/owl#versionInfo>	"Broccolo cotto (Bollitura in acqua distillata senza aggiunta di sale)"
<http://www.owl-ontologies.com/Ontology1435740495.owl#f143>	<http://www.w3.org/2002/07/owl#versionInfo>	"Carciofi cotti(bollitura in acqua distillata senza aggiunta di sale)"
<http://www.owl-ontologies.com/Ontology1435740495.owl#f144>	<http://www.w3.org/2002/07/owl#versionInfo>	"Carciofi crudi\nParte edibile 34%"
<http://www.owl-ontologies.com/Ontology1435740495.owl#f145>	<http://www.w3.org/2002/07/owl#versionInfo>	"Carote crude\nParte edibile 95% \nvit_A variano da 880 a 2300"
<http://www.owl-ontologies.com/Ontology1435740495.owl#f146>	<http://www.w3.org/2002/07/owl#versionInfo>	"Carote cotte bollite in acqua distillata senza aggiunta di sale"
<http://www.owl-ontologies.com/Ontology1435740495.owl#f147>	<http://www.w3.org/2002/07/owl#versionInfo>	"Finocchi, crudi \nParte edibile 59%"
<http://www.owl-ontologies.com/Ontology1435740495.owl#f148>	<http://www.w3.org/2002/07/owl#versionInfo>	"Cetrioli\nparte edibile 77%"
<http://www.owl-ontologies.com/Ontology1435740495.owl#f149>	<http://www.w3.org/2002/07/owl#versionInfo>	"Cipolle, crude\nparte edibile 83%"
<http://www.owl-ontologies.com/Ontology1435740495.owl#f150>	<http://www.w3.org/2002/07/owl#versionInfo>	"Funghi coltivati prataioli, crudi\nParte edibile 95%\nNelle proteine, circa il 60% dell'azoto è presente come azoto non proteico"
<http://www.owl-ontologies.com/Ontology1435740495.owl#f151>	<http://www.w3.org/2002/07/owl#versionInfo>	"Funghi coltivati Prataioli, cotti in padella senza aggiunta di grassi e di sale\nNelle proteine, circa il 60% dell'azoto è presente come azoto non proteico"
<http://www.owl-ontologies.com/Ontology1435740495.owl#f152>	<http://www.w3.org/2002/07/owl#versionInfo>	"Funghi porcini\nparte edibile 92%\nNelle proteine, circa il 60% dell'azoto è presente come azoto non proteico"
<http://www.owl-ontologies.com/Ontology1435740495.owl#f153>	<http://www.w3.org/2002/07/owl#versionInfo>	"Invidia\nParte edibile 69%"
<http://www.owl-ontologies.com/Ontology1435740495.owl#f154>	<http://www.w3.org/2002/07/owl#versionInfo>	"Lattuga\nParte edibile 83%"
<http://www.owl-ontologies.com/Ontology1435740495.owl#f155>	<http://www.w3.org/2002/07/owl#versionInfo>	"Melanzane, crude\nparte edibile 92%"
<http://www.owl-ontologies.com/Ontology1435740495.owl#f156>	<http://www.w3.org/2002/07/owl#versionInfo>	"Melanzane cotte in padella senza aggiunta di grassi e sale"
<http://www.owl-ontologies.com/Ontology1435740495.owl#f157>	<http://www.w3.org/2002/07/owl#versionInfo>	"Patate novelle, crude\nParte edibile 96%"
<http://www.owl-ontologies.com/Ontology1435740495.owl#f158>	<http://www.w3.org/2002/07/owl#versionInfo>	"Patate cotte arrosto"
<http://www.owl-ontologies.com/Ontology1435740495.owl#f159>	<http://www.w3.org/2002/07/owl#versionInfo>	"Patate cotte, fritte"
<http://www.owl-ontologies.com/Ontology1435740495.owl#f160>	<http://www.w3.org/2002/07/owl#versionInfo>	"Patate cotte con buccia in acqua distillata senza aggiunta di sale"
<http://www.owl-ontologies.com/Ontology1435740495.owl#f161>	<http://www.w3.org/2002/07/owl#versionInfo>	"Patate cotte senza buccia in acqua distillata senza aggiunta di sale"
<http://www.owl-ontologies.com/Ontology1435740495.owl#f162>	<http://www.w3.org/2002/07/owl#versionInfo>	"Patate fritte in busta"
<http://www.owl-ontologies.com/Ontology1435740495.owl#f163>	<http://www.w3.org/2002/07/owl#versionInfo>	"Peperoni crudi\nparte edibile 82%"
<http://www.owl-ontologies.com/Ontology1435740495.owl#f164>	<http://www.w3.org/2002/07/owl#versionInfo>	"Peperoni cotti in padella senza aggiunta di grassi e di sale"
<http://www.owl-ontologies.com/Ontology1435740495.owl#f165>	<http://www.w3.org/2002/07/owl#versionInfo>	"Pomodoro da passata"
<http://www.owl-ontologies.com/Ontology1435740495.owl#f166>	<http://www.w3.org/2002/07/owl#versionInfo>	"Pomodoro succo"
<http://www.owl-ontologies.com/Ontology1435740495.owl#f167>	<http://www.w3.org/2002/07/owl#versionInfo>	"Pomodori pelati in scatola, frutti e succo"
<http://www.owl-ontologies.com/Ontology1435740495.owl#f168>	<http://www.w3.org/2002/07/owl#versionInfo>	"Pomodori, conserva"
<http://www.owl-ontologies.com/Ontology1435740495.owl#f169>	<http://www.w3.org/2002/07/owl#versionInfo>	"Pomodori maturi"
<http://www.owl-ontologies.com/Ontology1435740495.owl#f170>	<http://www.w3.org/2002/07/owl#versionInfo>	"Pomodori, da insalata"
<http://www.owl-ontologies.com/Ontology1435740495.owl#f171>	<http://www.w3.org/2002/07/owl#versionInfo>	"Spinaci crudi\nparte edibile 83%"
<http://www.owl-ontologies.com/Ontology1435740495.owl#f172>	<http://www.w3.org/2002/07/owl#versionInfo>	"Spinaci cotti in acqua distillata senza aggiunta di sale"
<http://www.owl-ontologies.com/Ontology1435740495.owl#f173>	<http://www.w3.org/2002/07/owl#versionInfo>	"Spinaci cotti in forno a microonde senza aggiunta di acqua e di sale"
<http://www.owl-ontologies.com/Ontology1435740495.owl#f174>	<http://www.w3.org/2002/07/owl#versionInfo>	"Spinaci surgelati"
<http://www.owl-ontologies.com/Ontology1435740495.owl#f175>	<http://www.w3.org/2002/07/owl#versionInfo>	"Verdure miste surgelate: piselli, mais, carote, fagioli"
<http://www.owl-ontologies.com/Ontology1435740495.owl#f176>	<http://www.w3.org/2002/07/owl#versionInfo>	"Zucchine crude\nparte edibile 88%"
<http://www.owl-ontologies.com/Ontology1435740495.owl#f177>	<http://www.w3.org/2002/07/owl#versionInfo>	"Zucchine cotte in acqua distillata senza aggiunta di sale"
<http://www.owl-ontologies.com/Ontology1435740495.owl#f178>	<http://www.w3.org/2002/07/owl#versionInfo>	"Tartufo nero \nparte edibile 79%"
<http://www.owl-ontologies.com/Ontology1435740495.owl#f179>	<http://www.w3.org/2002/07/owl#versionInfo>	"Rucola o rughetta"
<http://www.owl-ontologies.com/Ontology1435740495.owl#f180>	<http://www.w3.org/2002/07/owl#versionInfo>	"Radicchio rosso\nparte edibile 72%"
<http://www.owl-ontologies.com/Ontology1435740495.owl#f181>	<http://www.w3.org/2002/07/owl#versionInfo>	"Radicchio verde\nParte edibile 95%"
<http://www.owl-ontologies.com/Ontology1435740495.owl#f182>	<http://www.w3.org/2002/07/owl#versionInfo>	"Babà al rhum"
<http://www.owl-ontologies.com/Ontology1435740495.owl#f183>	<http://www.w3.org/2002/07/owl#versionInfo>	"Barretta al cocco ricoperta al cioccolato\nSimile al \"bounty\""
<http://www.owl-ontologies.com/Ontology1435740495.owl#f184>	<http://www.w3.org/2002/07/owl#versionInfo>	"Cannoli alla crema"
<http://www.owl-ontologies.com/Ontology1435740495.owl#f185>	<http://www.w3.org/2002/07/owl#versionInfo>	"Cioccolato al latte"
<http://www.owl-ontologies.com/Ontology1435740495.owl#f186>	<http://www.w3.org/2002/07/owl#versionInfo>	"Cioccolato al latte con nocciole"
<http://www.owl-ontologies.com/Ontology1435740495.owl#f187>	<http://www.w3.org/2002/07/owl#versionInfo>	"Cioccolato fondente"
<http://www.owl-ontologies.com/Ontology1435740495.owl#f188>	<http://www.w3.org/2002/07/owl#versionInfo>	"Crema di nocciole e cacao\n(esempio: Nutella)"
<http://www.owl-ontologies.com/Ontology1435740495.owl#f189>	<http://www.w3.org/2002/07/owl#versionInfo>	"Crostata con crema al cacao"
<http://www.owl-ontologies.com/Ontology1435740495.owl#f190>	<http://www.w3.org/2002/07/owl#versionInfo>	"Crostata con marmellata"
<http://www.owl-ontologies.com/Ontology1435740495.owl#f191>	<http://www.w3.org/2002/07/owl#versionInfo>	"Birra chiara"
<http://www.owl-ontologies.com/Ontology1435740495.owl#f192>	<http://www.w3.org/2002/07/owl#versionInfo>	"Brandy"
<http://www.owl-ontologies.com/Ontology1435740495.owl#f193>	<http://www.w3.org/2002/07/owl#versionInfo>	"Whisky"
<http://www.owl-ontologies.com/Ontology1435740495.owl#f194>	<http://www.w3.org/2002/07/owl#versionInfo>	"Aperitivo a base di vino"
<http://www.owl-ontologies.com/Ontology1435740495.owl#f195>	<http://www.w3.org/2002/07/owl#versionInfo>	"Vino da pasto bianco"
<http://www.owl-ontologies.com/Ontology1435740495.owl#f196>	<http://www.w3.org/2002/07/owl#versionInfo>	"Vino da pasto rosso"
