subject_namespace,predicate,object_namespace,statement_count,unique_subjects,unique_objects
http://hl7.org/fhir/,http://www.w3.org/2000/01/rdf-schema#domain,https://bioportal.bioontology.org/ontologies/FTDM.owl#,91,91,10
https://bioportal.bioontology.org/ontologies/FTDM.owl#,http://www.w3.org/2000/01/rdf-schema#range,http://www.w3.org/2001/XMLSchema#,67,67,8
http://purl.obolibrary.org/obo/DDO.owl#,http://www.w3.org/2000/01/rdf-schema#subClassOf,http://purl.obolibrary.org/obo/,67,67,8
http://hl7.org/fhir/,http://www.w3.org/2000/01/rdf-schema#range,https://bioportal.bioontology.org/ontologies/FTDM.owl#,58,58,11
https://bioportal.bioontology.org/ontologies/FTDM.owl#,http://www.w3.org/2000/01/rdf-schema#subPropertyOf,https://bioportal.bioontology.org/ontologies/FASTO/,47,47,1
http://hl7.org/fhir/,http://www.w3.org/2000/01/rdf-schema#domain,http://www.w3.org/ns/ssn/,40,40,5
https://bioportal.bioontology.org/ontologies/FTDM.owl#,http://www.w3.org/2000/01/rdf-schema#subClassOf,http://purl.obolibrary.org/obo/DDO.owl#,39,39,23
https://bioportal.bioontology.org/ontologies/FTDM.owl#,http://www.w3.org/2000/01/rdf-schema#subPropertyOf,http://www.w3.org/ns/ssn/,34,34,1
https://bioportal.bioontology.org/ontologies/FASTO/,http://www.w3.org/2000/01/rdf-schema#subPropertyOf,https://bioportal.bioontology.org/ontologies/FTDM.owl#,33,33,1
https://bioportal.bioontology.org/ontologies/FTDM/,http://www.w3.org/2000/01/rdf-schema#domain,https://bioportal.bioontology.org/ontologies/FTDM.owl#,30,30,6
https://bioportal.bioontology.org/ontologies/FASTO/,http://www.w3.org/2000/01/rdf-schema#subPropertyOf,http://www.w3.org/ns/ssn/,26,26,1
https://bioportal.bioontology.org/ontologies/FASTO/,http://www.w3.org/2000/01/rdf-schema#subClassOf,https://bioportal.bioontology.org/ontologies/FTDM.owl#,22,22,5
https://bioportal.bioontology.org/ontologies/FTDM/,http://www.w3.org/2000/01/rdf-schema#subPropertyOf,http://www.w3.org/ns/ssn/,22,22,1
https://bioportal.bioontology.org/ontologies/FASTO/,http://www.w3.org/2000/01/rdf-schema#range,http://www.w3.org/2001/XMLSchema#,21,21,5
https://bioportal.bioontology.org/ontologies/FASTO/,http://www.w3.org/2000/01/rdf-schema#domain,https://bioportal.bioontology.org/ontologies/FTDM.owl#,19,19,4
http://hl7.org/fhir/,http://www.w3.org/2000/01/rdf-schema#subClassOf,http://purl.obolibrary.org/obo/,19,19,7
https://bioportal.bioontology.org/ontologies/FTDM/,http://www.w3.org/2000/01/rdf-schema#subPropertyOf,https://bioportal.bioontology.org/ontologies/FTDM.owl#,19,19,1
http://purl.obolibrary.org/obo/DDO.owl#,http://www.w3.org/2000/01/rdf-schema#subClassOf,http://hl7.org/fhir/,18,18,2
https://bioportal.bioontology.org/ontologies/FTDM.owl#,http://www.w3.org/2000/01/rdf-schema#subClassOf,http://purl.obolibrary.org/obo/,17,17,11
https://bioportal.bioontology.org/ontologies/FTDM/,http://www.w3.org/2000/01/rdf-schema#range,http://www.w3.org/2001/XMLSchema#,17,17,4
https://bioportal.bioontology.org/ontologies/FASTO/,http://www.w3.org/2000/01/rdf-schema#range,http://hl7.org/fhir/,15,15,7
http://hl7.org/fhir/,http://www.w3.org/2000/01/rdf-schema#subPropertyOf,https://bioportal.bioontology.org/ontologies/FTDM.owl#,15,15,1
http://www.owl-ontologies.com/OntoFood.owl#,http://www.w3.org/2000/01/rdf-schema#subClassOf,https://bioportal.bioontology.org/ontologies/FTDM.owl#,14,14,3
https://bioportal.bioontology.org/ontologies/FASTO/,http://www.w3.org/2000/01/rdf-schema#range,https://bioportal.bioontology.org/ontologies/FTDM.owl#,13,13,4
http://hl7.org/fhir/,http://www.w3.org/2000/01/rdf-schema#range,http://purl.obolibrary.org/obo/DDO.owl#,13,13,1
https://bioportal.bioontology.org/ontologies/FTDM/,http://www.w3.org/2000/01/rdf-schema#subClassOf,http://purl.obolibrary.org/obo/DDO.owl#,12,12,3
http://www.w3.org/ns/ssn/,http://www.w3.org/2000/01/rdf-schema#subClassOf,https://bioportal.bioontology.org/ontologies/FTDM.owl#,12,12,2
https://bioportal.bioontology.org/ontologies/FTDM/,http://www.w3.org/2000/01/rdf-schema#range,http://hl7.org/fhir/,11,11,2
https://bioportal.bioontology.org/ontologies/FTDM.owl#,http://www.w3.org/2000/01/rdf-schema#subClassOf,http://www.w3.org/ns/ssn/,11,11,5
http://www.w3.org/ns/ssn/,http://www.w3.org/2000/01/rdf-schema#subClassOf,http://purl.obolibrary.org/obo/,11,11,8
http://hl7.org/fhir/,http://www.w3.org/2000/01/rdf-schema#range,http://www.w3.org/ns/ssn/,11,11,4
http://www.w3.org/ns/ssn/,http://www.w3.org/2000/01/rdf-schema#range,http://www.w3.org/2001/XMLSchema#,11,11,3
https://bioportal.bioontology.org/ontologies/FASTO/,http://www.w3.org/2000/01/rdf-schema#subClassOf,http://purl.obolibrary.org/obo/DDO.owl#,10,10,7
https://bioportal.bioontology.org/ontologies/FTDM.owl#,http://www.w3.org/2000/01/rdf-schema#range,http://www.owl-ontologies.com/OntoFood.owl#,10,10,4
http://swrl.stanford.edu/ontologies/built-ins/3.3/temporal.owl#,http://www.w3.org/2000/01/rdf-schema#subPropertyOf,https://bioportal.bioontology.org/ontologies/FTDM.owl#TIME:,10,10,2
http://hl7.org/fhir/,http://www.w3.org/2000/01/rdf-schema#subClassOf,https://bioportal.bioontology.org/ontologies/FTDM.owl#,10,10,3
https://bioportal.bioontology.org/ontologies/FTDM.owl#,http://www.w3.org/2000/01/rdf-schema#subClassOf,https://bioportal.bioontology.org/ontologies/FTDM.owl#peripheral/,9,9,1
https://bioportal.bioontology.org/ontologies/FTDM.owl#,http://www.w3.org/2000/01/rdf-schema#domain,http://purl.obolibrary.org/obo/DDO.owl#,8,8,1
http://www.w3.org/ns/ssn/,http://www.w3.org/2000/01/rdf-schema#subClassOf,http://hl7.org/fhir/,8,8,3
http://swrl.stanford.edu/ontologies/built-ins/3.3/temporal.owl#,http://www.w3.org/2000/01/rdf-schema#range,http://www.w3.org/2001/XMLSchema#,8,8,2
https://bioportal.bioontology.org/ontologies/FASTO/,http://www.w3.org/2000/01/rdf-schema#domain,http://www.owl-ontologies.com/OntoFood.owl#,8,8,2
https://bioportal.bioontology.org/ontologies/FTDM.owl#,http://www.w3.org/2000/01/rdf-schema#domain,http://www.w3.org/ns/ssn/,7,7,5
http://hl7.org/fhir/,http://www.w3.org/2000/01/rdf-schema#domain,http://purl.obolibrary.org/obo/DDO.owl#,7,7,1
https://bioportal.bioontology.org/ontologies/FTDM/,http://www.w3.org/2000/01/rdf-schema#range,https://bioportal.bioontology.org/ontologies/FTDM.owl#,7,7,3
https://bioportal.bioontology.org/ontologies/FASTO/,http://www.w3.org/2000/01/rdf-schema#subClassOf,http://hl7.org/fhir/,7,7,3
https://bioportal.bioontology.org/ontologies/FTDM.owl#,http://www.w3.org/2000/01/rdf-schema#subClassOf,http://hl7.org/fhir/,6,6,4
https://bioportal.bioontology.org/ontologies/FTDM.owl#,http://www.w3.org/2000/01/rdf-schema#domain,http://hl7.org/fhir/,6,6,1
http://www.co-ode.org/ontologies/ont.owl#,http://www.w3.org/2000/01/rdf-schema#subClassOf,http://purl.obolibrary.org/obo/DDO.owl#,6,6,1
https://bioportal.bioontology.org/ontologies/FTDM/,http://www.w3.org/2000/01/rdf-schema#domain,http://www.owl-ontologies.com/OntoFood.owl#,6,6,2
https://bioportal.bioontology.org/ontologies/FTDM.owl#,http://www.w3.org/2000/01/rdf-schema#domain,http://purl.obolibrary.org/obo/,5,5,1
http://purl.obolibrary.org/obo/DDO.owl#,http://www.w3.org/2000/01/rdf-schema#subClassOf,https://bioportal.bioontology.org/ontologies/FTDM.owl#,5,5,4
http://hl7.org/fhir/,http://www.w3.org/2000/01/rdf-schema#subClassOf,http://www.w3.org/ns/ssn/,5,5,4
http://purl.obolibrary.org/obo/DDO.owl#,http://www.w3.org/2000/01/rdf-schema#subPropertyOf,https://bioportal.bioontology.org/ontologies/FASTO/,5,5,1
http://www.geneontology.org/formats/oboInOwl#,http://www.w3.org/2000/01/rdf-schema#subClassOf,http://purl.obolibrary.org/obo/,5,5,1
https://bioportal.bioontology.org/ontologies/FTDM.owl#,http://www.w3.org/2000/01/rdf-schema#range,http://purl.obolibrary.org/obo/,5,5,3
http://purl.obolibrary.org/obo/,http://www.w3.org/2000/01/rdf-schema#subPropertyOf,http://purl.obolibrary.org/obo/DDO.owl#,4,4,1
https://bioportal.bioontology.org/ontologies/fhir.owl#,http://www.w3.org/2000/01/rdf-schema#subClassOf,http://www.w3.org/ns/ssn/,4,4,4
https://bioportal.bioontology.org/ontologies/FTDM/,http://www.w3.org/2000/01/rdf-schema#domain,http://purl.obolibrary.org/obo/DDO.owl#,4,4,1
https://bioportal.bioontology.org/ontologies/FASTO/,http://www.w3.org/2000/01/rdf-schema#domain,http://purl.obolibrary.org/obo/DDO.owl#,4,4,1
https://bioportal.bioontology.org/ontologies/FASTO/,http://www.w3.org/2000/01/rdf-schema#subPropertyOf,http://hl7.org/fhir/,4,4,1
http://purl.obolibrary.org/obo/DDO.owl#,http://www.w3.org/2002/07/owl#disjointWith,https://bioportal.bioontology.org/ontologies/FTDM.owl#,4,1,4
https://bioportal.bioontology.org/ontologies/FTDM.owl#,http://www.w3.org/2000/01/rdf-schema#subClassOf,https://bioportal.bioontology.org/ontologies/FTDM.owl#PATO:,4,4,2
http://purl.obolibrary.org/obo/,http://www.w3.org/2002/07/owl#inverseOf,http://purl.obolibrary.org/obo/DDO.owl#,4,4,4
http://purl.obolibrary.org/obo/DDO.owl#,http://www.w3.org/2000/01/rdf-schema#range,http://www.w3.org/2001/XMLSchema#,4,4,2
http://www.w3.org/ns/ssn/,http://www.w3.org/2000/01/rdf-schema#range,https://bioportal.bioontology.org/ontologies/FTDM.owl#,4,4,2
https://bioportal.bioontology.org/ontologies/FTDM.owl#,http://www.w3.org/2000/01/rdf-schema#range,http://hl7.org/fhir/,4,4,3
https://bioportal.bioontology.org/ontologies/FTDM.owl#,http://www.w3.org/2000/01/rdf-schema#domain,http://www.owl-ontologies.com/OntoFood.owl#,3,3,2
https://bioportal.bioontology.org/ontologies/FTDM.owl#,http://www.w3.org/2000/01/rdf-schema#range,http://www.w3.org/ns/ssn/,3,3,2
https://bioportal.bioontology.org/ontologies/FTDM/,http://www.w3.org/2000/01/rdf-schema#subClassOf,http://www.w3.org/ns/ssn/,3,3,3
https://bioportal.bioontology.org/ontologies/FTDM.owl#,http://www.w3.org/2000/01/rdf-schema#subClassOf,http://www.owl-ontologies.com/OntoFood.owl#,3,3,1
https://bioportal.bioontology.org/ontologies/fhir.owl#,http://www.w3.org/2000/01/rdf-schema#subPropertyOf,http://www.w3.org/ns/ssn/,3,3,2
http://purl.obolibrary.org/obo/,http://www.w3.org/2000/01/rdf-schema#subClassOf,http://purl.obolibrary.org/obo/DDO.owl#,3,3,3
http://purl.obolibrary.org/obo/,http://www.w3.org/2002/07/owl#disjointWith,https://bioportal.bioontology.org/ontologies/FTDM.owl#,3,3,1
http://hl7.org/fhir/,http://www.w3.org/2002/07/owl#inverseOf,https://bioportal.bioontology.org/ontologies/FTDM.owl#,3,3,3
http://www.w3.org/2004/02/skos/core#,http://www.w3.org/2000/01/rdf-schema#subPropertyOf,http://www.w3.org/2000/01/rdf-schema#,3,3,1
http://www.owl-ontologies.com/OntoFood.owl#,http://www.w3.org/2000/01/rdf-schema#subClassOf,http://purl.obolibrary.org/obo/,3,3,1
https://bioportal.bioontology.org/ontologies/FTDM.owl#,http://www.w3.org/2000/01/rdf-schema#range,http://unitsofmeasure.org/,2,2,1
http://purl.obolibrary.org/obo/,http://www.w3.org/2000/01/rdf-schema#subPropertyOf,http://www.w3.org/2000/01/rdf-schema#,2,2,1
http://hl7.org/fhir/,http://www.w3.org/2000/01/rdf-schema#range,http://www.w3.org/2001/XMLSchema#,2,2,1
https://bioportal.bioontology.org/ontologies/FTDM.owl#Humalog_Mix_50/,http://www.w3.org/2000/01/rdf-schema#subClassOf,https://bioportal.bioontology.org/ontologies/FTDM.owl#,2,2,1
http://purl.obolibrary.org/obo/DDO.owl#,http://www.w3.org/2000/01/rdf-schema#range,http://purl.obolibrary.org/obo/,2,2,2
https://bioportal.bioontology.org/ontologies/FTDM/,http://www.w3.org/2000/01/rdf-schema#subClassOf,http://hl7.org/fhir/,2,2,2
https://bioportal.bioontology.org/ontologies/FTDM.owl#Humalog_Mix_75/,http://www.w3.org/2000/01/rdf-schema#subClassOf,https://bioportal.bioontology.org/ontologies/FTDM.owl#,2,2,1
http://purl.obolibrary.org/obo/DDO.owl#,http://www.w3.org/2000/01/rdf-schema#subPropertyOf,https://bioportal.bioontology.org/ontologies/FTDM.owl#,2,2,1
http://swrl.stanford.edu/ontologies/built-ins/3.3/temporal.owl#,http://www.w3.org/2000/01/rdf-schema#subClassOf,http://www.w3.org/2006/time#TIME:,2,2,1
http://hl7.org/fhir/,http://www.w3.org/2000/01/rdf-schema#range,http://www.owl-ontologies.com/OntoFood.owl#,2,2,1
https://bioportal.bioontology.org/ontologies/FTDM/,http://www.w3.org/2000/01/rdf-schema#domain,http://www.w3.org/ns/ssn/,2,2,1
http://hl7.org/fhir/,http://www.w3.org/2000/01/rdf-schema#domain,http://www.owl-ontologies.com/OntoFood.owl#,2,2,1
https://bioportal.bioontology.org/ontologies/FTDM.owl#NovoLog_Mix_70/,http://www.w3.org/2000/01/rdf-schema#subClassOf,https://bioportal.bioontology.org/ontologies/FTDM.owl#,2,2,1
http://www.w3.org/ns/ssn/,http://www.w3.org/2000/01/rdf-schema#subClassOf,https://bioportal.bioontology.org/ontologies/fhir.owl#,2,2,1
https://bioportal.bioontology.org/ontologies/FTDM.owl#PATO:,http://www.w3.org/2000/01/rdf-schema#subClassOf,http://purl.obolibrary.org/obo/,2,2,1
http://hl7.org/fhir/,http://www.w3.org/2000/01/rdf-schema#domain,http://unitsofmeasure.org/,2,2,1
https://bioportal.bioontology.org/ontologies/FASTO/,http://www.w3.org/2000/01/rdf-schema#domain,http://hl7.org/fhir/,2,2,1
https://bioportal.bioontology.org/ontologies/FTDM/,http://www.w3.org/2000/01/rdf-schema#subPropertyOf,http://hl7.org/fhir/,2,2,1
http://hl7.org/fhir/,http://www.w3.org/2000/01/rdf-schema#subPropertyOf,http://www.w3.org/ns/ssn/,1,1,1
https://bioportal.bioontology.org/ontologies/FTDM/,http://www.w3.org/2000/01/rdf-schema#range,http://purl.obolibrary.org/obo/,1,1,1
http://hl7.org/fhir/,http://www.w3.org/2000/01/rdf-schema#subClassOf,https://bioportal.bioontology.org/ontologies/fhir.owl#,1,1,1
http://hl7.org/fhir/,http://www.w3.org/2002/07/owl#inverseOf,http://www.w3.org/ns/ssn/,1,1,1
https://bioportal.bioontology.org/ontologies/FTDM.owl#tolterodine_m/,http://www.w3.org/2000/01/rdf-schema#subClassOf,https://bioportal.bioontology.org/ontologies/FTDM.owl#,1,1,1
https://bioportal.bioontology.org/ontologies/FASTO/,http://www.w3.org/2000/01/rdf-schema#range,http://www.owl-ontologies.com/OntoFood.owl#,1,1,1
https://bioportal.bioontology.org/ontologies/FTDM/,http://www.w3.org/2000/01/rdf-schema#range,http://purl.obolibrary.org/obo/DDO.owl#,1,1,1
http://hl7.org/fhir/,http://www.w3.org/2000/01/rdf-schema#range,http://www.w3.org/2000/01/rdf-schema#,1,1,1
https://bioportal.bioontology.org/ontologies/FTDM.owl#angiotensin_II_receptor_antagonist+,http://www.w3.org/2000/01/rdf-schema#subClassOf,https://bioportal.bioontology.org/ontologies/FTDM.owl#,1,1,1
http://hl7.org/fhir/,http://www.w3.org/2000/01/rdf-schema#range,http://unitsofmeasure.org/,1,1,1
https://bioportal.bioontology.org/ontologies/FTDM/,http://www.w3.org/2000/01/rdf-schema#subClassOf,https://bioportal.bioontology.org/ontologies/FTDM.owl#,1,1,1
http://hl7.org/fhir/,http://www.w3.org/2000/01/rdf-schema#range,http://purl.obolibrary.org/obo/,1,1,1
https://bioportal.bioontology.org/ontologies/fhir.owl#,http://www.w3.org/2000/01/rdf-schema#domain,http://www.w3.org/ns/ssn/,1,1,1
https://bioportal.bioontology.org/ontologies/fhir.owl#,http://www.w3.org/2000/01/rdf-schema#domain,https://bioportal.bioontology.org/ontologies/FTDM.owl#,1,1,1
https://bioportal.bioontology.org/ontologies/fhir.owl#,http://www.w3.org/2000/01/rdf-schema#range,http://purl.obolibrary.org/obo/DDO.owl#,1,1,1
https://bioportal.bioontology.org/ontologies/fhir.owl#,http://www.w3.org/2000/01/rdf-schema#range,http://www.w3.org/2001/XMLSchema#,1,1,1
https://bioportal.bioontology.org/ontologies/fhir.owl#,http://www.w3.org/2000/01/rdf-schema#subClassOf,http://purl.obolibrary.org/obo/,1,1,1
https://bioportal.bioontology.org/ontologies/FTDM.owl#peripheral/,http://www.w3.org/2000/01/rdf-schema#subClassOf,https://bioportal.bioontology.org/ontologies/FTDM.owl#,1,1,1
https://bioportal.bioontology.org/ontologies/FTDM.owl#Humulin_50/,http://www.w3.org/2000/01/rdf-schema#subClassOf,https://bioportal.bioontology.org/ontologies/FTDM.owl#,1,1,1
https://bioportal.bioontology.org/ontologies/FTDM.owl#Ryzodeg_70/,http://www.w3.org/2000/01/rdf-schema#subClassOf,https://bioportal.bioontology.org/ontologies/FTDM.owl#,1,1,1
http://unitsofmeasure.org/,http://www.w3.org/2000/01/rdf-schema#subClassOf,http://purl.obolibrary.org/obo/,1,1,1
http://www.w3.org/ns/ssn/,http://www.w3.org/2002/07/owl#inverseOf,https://bioportal.bioontology.org/ontologies/fhir.owl#,1,1,1
http://www.w3.org/ns/ssn/,http://www.w3.org/2000/01/rdf-schema#subPropertyOf,http://www.w3.org/2002/07/owl#,1,1,1
https://bioportal.bioontology.org/ontologies/FASTO/,http://www.w3.org/2000/01/rdf-schema#subPropertyOf,https://bioportal.bioontology.org/ontologies/FTDM.owl#TIME:,1,1,1
https://bioportal.bioontology.org/ontologies/FASTO/acute_Chagas',http://www.w3.org/2000/01/rdf-schema#subClassOf,https://bioportal.bioontology.org/ontologies/FASTO/,1,1,1
http://www.w3.org/ns/ssn/,http://www.w3.org/2000/01/rdf-schema#range,http://unitsofmeasure.org/,1,1,1
http://www.w3.org/ns/ssn/,http://www.w3.org/2000/01/rdf-schema#domain,http://purl.obolibrary.org/obo/DDO.owl#,1,1,1
http://www.w3.org/2006/time#TIME:,http://www.w3.org/2000/01/rdf-schema#subClassOf,http://purl.obolibrary.org/obo/,1,1,1
http://www.co-ode.org/ontologies/ont.owl#,http://www.w3.org/2000/01/rdf-schema#subClassOf,https://bioportal.bioontology.org/ontologies/FTDM.owl#,1,1,1
https://bioportal.bioontology.org/ontologies/FTDM.owl#,http://www.w3.org/2000/01/rdf-schema#range,http://purl.obolibrary.org/obo/DDO.owl#,1,1,1
https://bioportal.bioontology.org/ontologies/FTDM.owl#,http://www.w3.org/2000/01/rdf-schema#range,http://swrl.stanford.edu/ontologies/built-ins/3.3/temporal.owl#,1,1,1
http://purl.obolibrary.org/obo/DDO.owl#,http://www.w3.org/2000/01/rdf-schema#subClassOf,http://www.w3.org/ns/ssn/,1,1,1
https://bioportal.bioontology.org/ontologies/FTDM.owl#ReliOn/Novolin_70/,http://www.w3.org/2000/01/rdf-schema#subClassOf,https://bioportal.bioontology.org/ontologies/FTDM.owl#,1,1,1
http://purl.obolibrary.org/obo/DDO.owl#,http://www.w3.org/2000/01/rdf-schema#range,http://www.w3.org/ns/ssn/,1,1,1
http://purl.obolibrary.org/obo/DDO.owl#,http://www.w3.org/2000/01/rdf-schema#domain,https://bioportal.bioontology.org/ontologies/FTDM.owl#,1,1,1
http://purl.obolibrary.org/obo/DDO.owl#,http://www.w3.org/2000/01/rdf-schema#domain,http://purl.obolibrary.org/obo/,1,1,1
https://bioportal.bioontology.org/ontologies/FTDM.owl#,http://www.w3.org/2000/01/rdf-schema#subPropertyOf,http://hl7.org/fhir/,1,1,1
http://purl.obolibrary.org/obo/,http://www.w3.org/2000/01/rdf-schema#subClassOf,http://www.w3.org/2002/07/owl#,1,1,1
https://bioportal.bioontology.org/ontologies/FTDM.owl#HumuLIN_70/,http://www.w3.org/2000/01/rdf-schema#subClassOf,https://bioportal.bioontology.org/ontologies/FTDM.owl#,1,1,1
https://bioportal.bioontology.org/ontologies/FASTO/,http://www.w3.org/2000/01/rdf-schema#range,http://purl.obolibrary.org/obo/DDO.owl#,1,1,1
https://bioportal.bioontology.org/ontologies/FTDM.owl#Humulin_70/,http://www.w3.org/2000/01/rdf-schema#subClassOf,https://bioportal.bioontology.org/ontologies/FTDM.owl#,1,1,1
https://bioportal.bioontology.org/ontologies/FTDM.owl#Novolin_70/,http://www.w3.org/2000/01/rdf-schema#subClassOf,https://bioportal.bioontology.org/ontologies/FTDM.owl#,1,1,1
https://bioportal.bioontology.org/ontologies/FTDM.owl#ReliOn/,http://www.w3.org/2000/01/rdf-schema#subClassOf,https://bioportal.bioontology.org/ontologies/FTDM.owl#,1,1,1
http://bioontology.org/ontologies/biositemap.owl#,http://www.w3.org/2000/01/rdf-schema#domain,http://www.w3.org/2002/07/owl#,1,1,1
