<http://hl7.org/fhir/BMI>	<http://www.w3.org/2002/07/owl#Class>
<http://hl7.org/fhir/CarePlan.HbA1C.goal>	<http://www.w3.org/2002/07/owl#ObjectProperty>
<http://hl7.org/fhir/CarePlan.bloodGlucoseLevel.goal>	<http://www.w3.org/2002/07/owl#ObjectProperty>
<http://hl7.org/fhir/CarePlan.bloodPressure.goal>	<http://www.w3.org/2002/07/owl#ObjectProperty>
<http://hl7.org/fhir/CarePlan.dailyPerMealGlucoseLevel.goal>	<http://www.w3.org/2002/07/owl#ObjectProperty>
<http://hl7.org/fhir/CarePlan.weight.goal>	<http://www.w3.org/2002/07/owl#ObjectProperty>
<http://hl7.org/fhir/CareTeamStatus>	<http://www.w3.org/2002/07/owl#Class>
<http://hl7.org/fhir/FHIRProperty>	<http://www.w3.org/2002/07/owl#DatatypeProperty>
<http://hl7.org/fhir/FHIR_Property>	<http://www.w3.org/2002/07/owl#ObjectProperty>
<http://hl7.org/fhir/Patient.ethnicity>	<http://www.w3.org/2002/07/owl#ObjectProperty>
<http://hl7.org/fhir/Person.age>	<http://www.w3.org/2002/07/owl#ObjectProperty>
<http://hl7.org/fhir/Person.maritalStatus>	<http://www.w3.org/2002/07/owl#ObjectProperty>
<http://hl7.org/fhir/Practitioner.role>	<http://www.w3.org/2002/07/owl#ObjectProperty>
<http://hl7.org/fhir/Relative.contact.period>	<http://www.w3.org/2002/07/owl#ObjectProperty>
<http://hl7.org/fhir/Relative.contact.relationship>	<http://www.w3.org/2002/07/owl#ObjectProperty>
<http://hl7.org/fhir/Resource.Id>	<http://www.w3.org/2002/07/owl#ObjectProperty>
<http://hl7.org/fhir/address>	<http://www.w3.org/2002/07/owl#Class>
<http://hl7.org/fhir/adverseEvent>	<http://www.w3.org/2002/07/owl#Class>
<http://hl7.org/fhir/alcoholIntakeObservation>	<http://www.w3.org/2002/07/owl#Class>
<http://hl7.org/fhir/alcoholIntakeValue>	<http://www.w3.org/2002/07/owl#Class>
<http://hl7.org/fhir/allergyIntolerance>	<http://www.w3.org/2002/07/owl#Class>
<http://hl7.org/fhir/allergyIntoleranceCategory>	<http://www.w3.org/2002/07/owl#Class>
<http://hl7.org/fhir/allergyIntoleranceCriticality>	<http://www.w3.org/2002/07/owl#Class>
<http://hl7.org/fhir/allergyIntoleranceType>	<http://www.w3.org/2002/07/owl#Class>
<http://hl7.org/fhir/annotation>	<http://www.w3.org/2002/07/owl#Class>
<http://hl7.org/fhir/attachment>	<http://www.w3.org/2002/07/owl#Class>
<http://hl7.org/fhir/bloodGlucoseTest>	<http://www.w3.org/2002/07/owl#Class>
<http://hl7.org/fhir/bloodPressureValue>	<http://www.w3.org/2002/07/owl#Class>
<http://hl7.org/fhir/bodySite>	<http://www.w3.org/2002/07/owl#Class>
<http://hl7.org/fhir/carePlanActivityComponent>	<http://www.w3.org/2002/07/owl#Class>
<http://hl7.org/fhir/carePlanActivityDetailComponent>	<http://www.w3.org/2002/07/owl#Class>
<http://hl7.org/fhir/carePlanActivityStatus>	<http://www.w3.org/2002/07/owl#Class>
<http://hl7.org/fhir/carePlanQuality>	<http://www.w3.org/2002/07/owl#Class>
<http://hl7.org/fhir/cigaretteSmoking>	<http://www.w3.org/2002/07/owl#Class>
<http://hl7.org/fhir/classHistory>	<http://www.w3.org/2002/07/owl#Class>
<http://hl7.org/fhir/clinicalStatus>	<http://www.w3.org/2002/07/owl#Class>
<http://hl7.org/fhir/codeableConcept>	<http://www.w3.org/2002/07/owl#Class>
<http://hl7.org/fhir/coding>	<http://www.w3.org/2002/07/owl#Class>
<http://hl7.org/fhir/communication>	<http://www.w3.org/2002/07/owl#Class>
<http://hl7.org/fhir/contactCode>	<http://www.w3.org/2002/07/owl#Class>
<http://hl7.org/fhir/contactPoint>	<http://www.w3.org/2002/07/owl#Class>
<http://hl7.org/fhir/count>	<http://www.w3.org/2002/07/owl#Class>
<http://hl7.org/fhir/deviceStatus>	<http://www.w3.org/2002/07/owl#Class>
<http://hl7.org/fhir/distance>	<http://www.w3.org/2002/07/owl#Class>
<http://hl7.org/fhir/dosage>	<http://www.w3.org/2002/07/owl#Class>
<http://hl7.org/fhir/drug-disease>	<http://www.w3.org/2002/07/owl#Class>
<http://hl7.org/fhir/drug-drug>	<http://www.w3.org/2002/07/owl#Class>
<http://hl7.org/fhir/duration>	<http://www.w3.org/2002/07/owl#Class>
<http://hl7.org/fhir/element>	<http://www.w3.org/2002/07/owl#Class>
<http://hl7.org/fhir/encounter>	<http://www.w3.org/2002/07/owl#Class>
<http://hl7.org/fhir/encounterLocation>	<http://www.w3.org/2002/07/owl#Class>
<http://hl7.org/fhir/encounterQuality>	<http://www.w3.org/2002/07/owl#Class>
<http://hl7.org/fhir/encounterStatus>	<http://www.w3.org/2002/07/owl#Class>
<http://hl7.org/fhir/episodeOfCare>	<http://www.w3.org/2002/07/owl#Class>
<http://hl7.org/fhir/episodeOfCareStatus>	<http://www.w3.org/2002/07/owl#Class>
<http://hl7.org/fhir/food-disease>	<http://www.w3.org/2002/07/owl#Class>
<http://hl7.org/fhir/food-drug>	<http://www.w3.org/2002/07/owl#Class>
<http://hl7.org/fhir/foodContradictWithDisease>	<http://www.w3.org/2002/07/owl#ObjectProperty>
<http://hl7.org/fhir/foodContradictWithDrug>	<http://www.w3.org/2002/07/owl#ObjectProperty>
<http://hl7.org/fhir/genderCode>	<http://www.w3.org/2002/07/owl#Class>
<http://hl7.org/fhir/goalStatus>	<http://www.w3.org/2002/07/owl#Class>
<http://hl7.org/fhir/goalTargetComponent>	<http://www.w3.org/2002/07/owl#Class>
<http://hl7.org/fhir/hasAdverseEvent>	<http://www.w3.org/2002/07/owl#ObjectProperty>
<http://hl7.org/fhir/hasAllergyIntolerance>	<http://www.w3.org/2002/07/owl#ObjectProperty>
<http://hl7.org/fhir/hasBasalMetabolicRate>	<http://www.w3.org/2002/07/owl#ObjectProperty>
<http://hl7.org/fhir/hasBodySite>	<http://www.w3.org/2002/07/owl#ObjectProperty>
<http://hl7.org/fhir/hasCode>	<http://www.w3.org/2002/07/owl#ObjectProperty>
<http://hl7.org/fhir/hasCost>	<http://www.w3.org/2002/07/owl#ObjectProperty>
<http://hl7.org/fhir/hasDate>	<http://www.w3.org/2002/07/owl#ObjectProperty>
<http://hl7.org/fhir/hasDiabetesDuration>	<http://www.w3.org/2002/07/owl#ObjectProperty>
<http://hl7.org/fhir/hasEncounter>	<http://www.w3.org/2002/07/owl#ObjectProperty>
<http://hl7.org/fhir/hasFamilyMemberHistory>	<http://www.w3.org/2002/07/owl#ObjectProperty>
<http://hl7.org/fhir/hasForbiddenDrug>	<http://www.w3.org/2002/07/owl#ObjectProperty>
<http://hl7.org/fhir/hasGoalAchieved>	<http://www.w3.org/2002/07/owl#ObjectProperty>
<http://hl7.org/fhir/hasObservationValue>	<http://www.w3.org/2002/07/owl#ObjectProperty>
<http://hl7.org/fhir/hasPart>	<http://www.w3.org/2002/07/owl#ObjectProperty>
<http://hl7.org/fhir/hasPhysicalExercise>	<http://www.w3.org/2002/07/owl#ObjectProperty>
<http://hl7.org/fhir/hasPreviousCarePlan>	<http://www.w3.org/2002/07/owl#ObjectProperty>
<http://hl7.org/fhir/hasRecommendedDrug>	<http://www.w3.org/2002/07/owl#ObjectProperty>
<http://hl7.org/fhir/hasTiming>	<http://www.w3.org/2002/07/owl#ObjectProperty>
<http://hl7.org/fhir/hasTotalCalories>	<http://www.w3.org/2002/07/owl#ObjectProperty>
<http://hl7.org/fhir/hasUoMCode>	<http://www.w3.org/2002/07/owl#DatatypeProperty>
<http://hl7.org/fhir/hasUoMDisplay>	<http://www.w3.org/2002/07/owl#DatatypeProperty>
<http://hl7.org/fhir/hasValue>	<http://www.w3.org/2002/07/owl#DatatypeProperty>
<http://hl7.org/fhir/has_acceptance_level>	<http://www.w3.org/2002/07/owl#ObjectProperty>
<http://hl7.org/fhir/has_hypoglycemic_risk_level>	<http://www.w3.org/2002/07/owl#ObjectProperty>
<http://hl7.org/fhir/has_initial_dose>	<http://www.w3.org/2002/07/owl#ObjectProperty>
<http://hl7.org/fhir/has_maximum_dose_per_day>	<http://www.w3.org/2002/07/owl#ObjectProperty>
<http://hl7.org/fhir/has_percentage_of_the_total_daily_dose>	<http://www.w3.org/2002/07/owl#ObjectProperty>
<http://hl7.org/fhir/hbA1c>	<http://www.w3.org/2002/07/owl#Class>
<http://hl7.org/fhir/height>	<http://www.w3.org/2002/07/owl#Class>
<http://hl7.org/fhir/human>	<http://www.w3.org/2002/07/owl#Class>
<http://hl7.org/fhir/humanBloodGucose>	<http://www.w3.org/2002/07/owl#Class>
<http://hl7.org/fhir/humanName>	<http://www.w3.org/2002/07/owl#Class>
<http://hl7.org/fhir/identifier>	<http://www.w3.org/2002/07/owl#Class>
<http://hl7.org/fhir/labTest>	<http://www.w3.org/2002/07/owl#Class>
<http://hl7.org/fhir/labTestValue>	<http://www.w3.org/2002/07/owl#Class>
<http://hl7.org/fhir/list>	<http://www.w3.org/2002/07/owl#Class>
<http://hl7.org/fhir/listOfDiseases>	<http://www.w3.org/2002/07/owl#Class>
<http://hl7.org/fhir/listOfForbiddenDrugs>	<http://www.w3.org/2002/07/owl#Class>
<http://hl7.org/fhir/listOfForbiddenFoods>	<http://www.w3.org/2002/07/owl#Class>
<http://hl7.org/fhir/listOfNotPreferedFoods>	<http://www.w3.org/2002/07/owl#Class>
<http://hl7.org/fhir/listOfPreferedFoods>	<http://www.w3.org/2002/07/owl#Class>
<http://hl7.org/fhir/listOfRecommendedDrugs>	<http://www.w3.org/2002/07/owl#Class>
<http://hl7.org/fhir/listOfRecommendedFoods>	<http://www.w3.org/2002/07/owl#Class>
<http://hl7.org/fhir/listStatus>	<http://www.w3.org/2002/07/owl#Class>
<http://hl7.org/fhir/medicalHistory>	<http://www.w3.org/2002/07/owl#Class>
<http://hl7.org/fhir/medicationRequest>	<http://www.w3.org/2002/07/owl#Class>
<http://hl7.org/fhir/medicationRequestStatus>	<http://www.w3.org/2002/07/owl#Class>
<http://hl7.org/fhir/medicationStatement>	<http://www.w3.org/2002/07/owl#Class>
<http://hl7.org/fhir/money>	<http://www.w3.org/2002/07/owl#Class>
<http://hl7.org/fhir/nonSensedObservation>	<http://www.w3.org/2002/07/owl#Class>
<http://hl7.org/fhir/nonSensedObservationValue>	<http://www.w3.org/2002/07/owl#Class>
<http://hl7.org/fhir/nutritionOrder>	<http://www.w3.org/2002/07/owl#Class>
<http://hl7.org/fhir/nutritionOrderEnteralFormulaAdministrationComponent>	<http://www.w3.org/2002/07/owl#Class>
<http://hl7.org/fhir/nutritionOrderEnteralFormulaComponent>	<http://www.w3.org/2002/07/owl#Class>
<http://hl7.org/fhir/nutritionOrderOralDietComponent>	<http://www.w3.org/2002/07/owl#Class>
<http://hl7.org/fhir/nutritionOrderOralDietNutrientComponent>	<http://www.w3.org/2002/07/owl#Class>
<http://hl7.org/fhir/nutritionOrderOralDietTextureComponent>	<http://www.w3.org/2002/07/owl#Class>
<http://hl7.org/fhir/nutritionOrderSupplementComponent>	<http://www.w3.org/2002/07/owl#Class>
<http://hl7.org/fhir/observationValue>	<http://www.w3.org/2002/07/owl#Class>
<http://hl7.org/fhir/observationValueQuality>	<http://www.w3.org/2002/07/owl#Class>
<http://hl7.org/fhir/participant>	<http://www.w3.org/2002/07/owl#Class>
<http://hl7.org/fhir/patientBMIObservation>	<http://www.w3.org/2002/07/owl#Class>
<http://hl7.org/fhir/patientHeightObservation>	<http://www.w3.org/2002/07/owl#Class>
<http://hl7.org/fhir/patientWeightObservation>	<http://www.w3.org/2002/07/owl#Class>
<http://hl7.org/fhir/period>	<http://www.w3.org/2002/07/owl#Class>
<http://hl7.org/fhir/physicalExamination>	<http://www.w3.org/2002/07/owl#Class>
<http://hl7.org/fhir/physicalExaminationValue>	<http://www.w3.org/2002/07/owl#Class>
<http://hl7.org/fhir/physicalExerciseRequest>	<http://www.w3.org/2002/07/owl#Class>
<http://hl7.org/fhir/planStatus>	<http://www.w3.org/2002/07/owl#Class>
<http://hl7.org/fhir/practitioner>	<http://www.w3.org/2002/07/owl#Class>
<http://hl7.org/fhir/practitionerRole>	<http://www.w3.org/2002/07/owl#Class>
<http://hl7.org/fhir/practitionerRoleAvailabilityCode>	<http://www.w3.org/2002/07/owl#Class>
<http://hl7.org/fhir/primitiveType>	<http://www.w3.org/2002/07/owl#Class>
<http://hl7.org/fhir/priority>	<http://www.w3.org/2002/07/owl#Class>
<http://hl7.org/fhir/procedure>	<http://www.w3.org/2002/07/owl#Class>
<http://hl7.org/fhir/procedureRequest>	<http://www.w3.org/2002/07/owl#Class>
<http://hl7.org/fhir/produces>	<http://www.w3.org/2002/07/owl#ObjectProperty>
<http://hl7.org/fhir/questionnaire>	<http://www.w3.org/2002/07/owl#Class>
<http://hl7.org/fhir/questionnaireResponse>	<http://www.w3.org/2002/07/owl#Class>
<http://hl7.org/fhir/range>	<http://www.w3.org/2002/07/owl#Class>
<http://hl7.org/fhir/ratio>	<http://www.w3.org/2002/07/owl#Class>
<http://hl7.org/fhir/reference>	<http://www.w3.org/2002/07/owl#Class>
<http://hl7.org/fhir/sampledData>	<http://www.w3.org/2002/07/owl#Class>
<http://hl7.org/fhir/sensedObservation>	<http://www.w3.org/2002/07/owl#Class>
<http://hl7.org/fhir/severityCode>	<http://www.w3.org/2002/07/owl#Class>
<http://hl7.org/fhir/signature>	<http://www.w3.org/2002/07/owl#Class>
<http://hl7.org/fhir/simpleQuantity>	<http://www.w3.org/2002/07/owl#Class>
<http://hl7.org/fhir/smokingHistoryObservation>	<http://www.w3.org/2002/07/owl#Class>
<http://hl7.org/fhir/socialHistory>	<http://www.w3.org/2002/07/owl#Class>
<http://hl7.org/fhir/temperatureValue>	<http://www.w3.org/2002/07/owl#Class>
<http://hl7.org/fhir/timing>	<http://www.w3.org/2002/07/owl#Class>
<http://hl7.org/fhir/vitalSignValue>	<http://www.w3.org/2002/07/owl#Class>
<http://hl7.org/fhir/weightValue>	<http://www.w3.org/2002/07/owl#Class>
<http://hl7.org/fhir/when_to_take>	<http://www.w3.org/2002/07/owl#ObjectProperty>
<https://bioportal.bioontology.org/ontologies/fhir.owl#Abbott_FreeStyle_Lite>	<http://www.w3.org/2002/07/owl#NamedIndividual>
<https://bioportal.bioontology.org/ontologies/fhir.owl#Accu-Chek_Aviva>	<http://www.w3.org/2002/07/owl#NamedIndividual>
<https://bioportal.bioontology.org/ontologies/fhir.owl#Contour_Net_EZ>	<http://www.w3.org/2002/07/owl#NamedIndividual>
<https://bioportal.bioontology.org/ontologies/fhir.owl#GlucoWise>	<http://www.w3.org/2002/07/owl#NamedIndividual>
<https://bioportal.bioontology.org/ontologies/fhir.owl#Livongo_Health_In_Touch_Meter>	<http://www.w3.org/2002/07/owl#NamedIndividual>
<https://bioportal.bioontology.org/ontologies/fhir.owl#Nova_Max_Plus>	<http://www.w3.org/2002/07/owl#NamedIndividual>
<https://bioportal.bioontology.org/ontologies/fhir.owl#OneTouch_Ultra_2>	<http://www.w3.org/2002/07/owl#NamedIndividual>
<https://bioportal.bioontology.org/ontologies/fhir.owl#OneTouch_Verio>	<http://www.w3.org/2002/07/owl#NamedIndividual>
<https://bioportal.bioontology.org/ontologies/fhir.owl#Walgreens_True2Go>	<http://www.w3.org/2002/07/owl#NamedIndividual>
<https://bioportal.bioontology.org/ontologies/fhir.owl#Walmart_ReliON>	<http://www.w3.org/2002/07/owl#NamedIndividual>
<https://bioportal.bioontology.org/ontologies/fhir.owl#bloodPreasureProperty_1>	<http://www.w3.org/2002/07/owl#NamedIndividual>
<https://bioportal.bioontology.org/ontologies/fhir.owl#bodyTempretureProperty_1>	<http://www.w3.org/2002/07/owl#NamedIndividual>
<https://bioportal.bioontology.org/ontologies/fhir.owl#glocoseSensorFrequency>	<http://www.w3.org/2002/07/owl#Class>
<https://bioportal.bioontology.org/ontologies/fhir.owl#glucoseLevelChange>	<http://www.w3.org/2002/07/owl#NamedIndividual>
<https://bioportal.bioontology.org/ontologies/fhir.owl#glucoseLevelMeasurementCapability>	<http://www.w3.org/2002/07/owl#Class>
<https://bioportal.bioontology.org/ontologies/fhir.owl#glucoseLevelMeasurementCapability_1>	<http://www.w3.org/2002/07/owl#NamedIndividual>
<https://bioportal.bioontology.org/ontologies/fhir.owl#hasContact>	<http://www.w3.org/2002/07/owl#ObjectProperty>
<https://bioportal.bioontology.org/ontologies/fhir.owl#hasNodeID>	<http://www.w3.org/2002/07/owl#DatatypeProperty>
<https://bioportal.bioontology.org/ontologies/fhir.owl#humanBodyPart>	<http://www.w3.org/2002/07/owl#Class>
<https://bioportal.bioontology.org/ontologies/fhir.owl#livingOrganism>	<http://www.w3.org/2002/07/owl#Class>
<https://bioportal.bioontology.org/ontologies/fhir.owl#placedOn>	<http://www.w3.org/2002/07/owl#ObjectProperty>
<https://bioportal.bioontology.org/ontologies/fhir.owl#wearableSensorPlatform>	<http://www.w3.org/2002/07/owl#Class>
<https://bioportal.bioontology.org/ontologies/fhir.owl#wearableSystem>	<http://www.w3.org/2002/07/owl#Class>
