entity,namespace,local_name,entity_type
http://purl.org/dc/terms/created,http://purl.org/dc/terms/,created,AnnotationProperty
http://purl.org/dc/terms/creator,http://purl.org/dc/terms/,creator,AnnotationProperty
http://purl.org/dc/terms/description,http://purl.org/dc/terms/,description,AnnotationProperty
http://purl.org/dc/terms/license,http://purl.org/dc/terms/,license,AnnotationProperty
http://purl.org/dc/terms/rights,http://purl.org/dc/terms/,rights,AnnotationProperty
http://purl.org/dc/terms/title,http://purl.org/dc/terms/,title,AnnotationProperty
http://purl.org/vocab/vann/preferredNamespacePrefix,http://purl.org/vocab/vann/,preferredNamespacePrefix,AnnotationProperty
http://purl.org/vocab/vann/preferredNamespaceUri,http://purl.org/vocab/vann/,preferredNamespaceUri,AnnotationProperty
http://purl.org/vocommons/voaf#Vocabulary,http://purl.org/vocommons/voaf#,Vocabulary,Class
http://www.w3.org/2004/02/skos/core#definition,http://www.w3.org/2004/02/skos/core#,definition,AnnotationProperty
http://www.w3.org/2004/02/skos/core#example,http://www.w3.org/2004/02/skos/core#,example,AnnotationProperty
http://www.w3.org/ns/sosa/Actuation,http://www.w3.org/ns/sosa/,Actuation,Class
http://www.w3.org/ns/sosa/Observation,http://www.w3.org/ns/sosa/,Observation,Class
http://www.w3.org/ns/sosa/Sampling,http://www.w3.org/ns/sosa/,Sampling,Class
http://www.w3.org/ns/ssn/Deployment,http://www.w3.org/ns/ssn/,Deployment,Class
http://www.w3.org/ns/ssn/Input,http://www.w3.org/ns/ssn/,Input,Class
http://www.w3.org/ns/ssn/Output,http://www.w3.org/ns/ssn/,Output,Class
http://www.w3.org/ns/ssn/Property,http://www.w3.org/ns/ssn/,Property,Class
http://www.w3.org/ns/ssn/Stimulus,http://www.w3.org/ns/ssn/,Stimulus,Class
http://www.w3.org/ns/ssn/System,http://www.w3.org/ns/ssn/,System,Class
http://www.w3.org/ns/ssn/deployedOnPlatform,http://www.w3.org/ns/ssn/,deployedOnPlatform,ObjectProperty
http://www.w3.org/ns/ssn/deployedSystem,http://www.w3.org/ns/ssn/,deployedSystem,ObjectProperty
http://www.w3.org/ns/ssn/detects,http://www.w3.org/ns/ssn/,detects,ObjectProperty
http://www.w3.org/ns/ssn/forProperty,http://www.w3.org/ns/ssn/,forProperty,ObjectProperty
http://www.w3.org/ns/ssn/hasDeployment,http://www.w3.org/ns/ssn/,hasDeployment,ObjectProperty
http://www.w3.org/ns/ssn/hasInput,http://www.w3.org/ns/ssn/,hasInput,ObjectProperty
http://www.w3.org/ns/ssn/hasOutput,http://www.w3.org/ns/ssn/,hasOutput,ObjectProperty
http://www.w3.org/ns/ssn/hasProperty,http://www.w3.org/ns/ssn/,hasProperty,ObjectProperty
http://www.w3.org/ns/ssn/hasSubSystem,http://www.w3.org/ns/ssn/,hasSubSystem,ObjectProperty
http://www.w3.org/ns/ssn/implementedBy,http://www.w3.org/ns/ssn/,implementedBy,ObjectProperty
http://www.w3.org/ns/ssn/implements,http://www.w3.org/ns/ssn/,implements,ObjectProperty
http://www.w3.org/ns/ssn/inDeployment,http://www.w3.org/ns/ssn/,inDeployment,ObjectProperty
http://www.w3.org/ns/ssn/isPropertyOf,http://www.w3.org/ns/ssn/,isPropertyOf,ObjectProperty
http://www.w3.org/ns/ssn/isProxyFor,http://www.w3.org/ns/ssn/,isProxyFor,ObjectProperty
http://www.w3.org/ns/ssn/wasOriginatedBy,http://www.w3.org/ns/ssn/,wasOriginatedBy,ObjectProperty
http://xmlns.com/foaf/0.1/name,http://xmlns.com/foaf/0.1/,name,AnnotationProperty
http://xmlns.com/foaf/0.1/Agent,http://xmlns.com/foaf/0.1/,Agent,Class
