entity,local_name,entity_type,pattern
https://bioportal.bioontology.org/ontologies/FTDM.owl#DDO_17621005,DDO_17621005,Class,DDO-style identifier
https://bioportal.bioontology.org/ontologies/FTDM.owl#DDO_17621005,DDO_17621005,Class,OBO-style identifier
https://bioportal.bioontology.org/ontologies/FTDM.owl#DMTO_0001955,DMTO_0001955,Class,OBO-style identifier
https://bioportal.bioontology.org/ontologies/FTDM.owl#DMTO_0001956,DMTO_0001956,Class,OBO-style identifier
https://bioportal.bioontology.org/ontologies/FTDM.owl#DMTO_0001957,DMTO_0001957,Class,OBO-style identifier
https://bioportal.bioontology.org/ontologies/FTDM.owl#DMTO_0001958,DMTO_0001958,Class,OBO-style identifier
https://bioportal.bioontology.org/ontologies/FTDM.owl#DMTO_0001959,DMTO_0001959,Class,OBO-style identifier
https://bioportal.bioontology.org/ontologies/FTDM.owl#DMTO_0001960,DMTO_0001960,Class,OBO-style identifier
https://bioportal.bioontology.org/ontologies/FTDM.owl#DMTO_0001961,DMTO_0001961,Class,OBO-style identifier
https://bioportal.bioontology.org/ontologies/FTDM.owl#DMTO_0001962,DMTO_0001962,Class,OBO-style identifier
https://bioportal.bioontology.org/ontologies/FTDM.owl#DMTO_0001963,DMTO_0001963,Class,OBO-style identifier
https://bioportal.bioontology.org/ontologies/FTDM.owl#DMTO_0001964,DMTO_0001964,Class,OBO-style identifier
https://bioportal.bioontology.org/ontologies/FTDM.owl#DMTO_0001965,DMTO_0001965,Class,OBO-style identifier
https://bioportal.bioontology.org/ontologies/FTDM.owl#DMTO_0001966,DMTO_0001966,Class,OBO-style identifier
https://bioportal.bioontology.org/ontologies/FTDM.owl#DMTO_0002047,DMTO_0002047,Class,OBO-style identifier
https://bioportal.bioontology.org/ontologies/FTDM.owl#DMTO_0002058,DMTO_0002058,Class,OBO-style identifier
https://bioportal.bioontology.org/ontologies/FTDM.owl#DMTO_0002064,DMTO_0002064,Class,OBO-style identifier
https://bioportal.bioontology.org/ontologies/FTDM.owl#DMTO_0002065,DMTO_0002065,Class,OBO-style identifier
https://bioportal.bioontology.org/ontologies/FTDM.owl#DMTO_0002066,DMTO_0002066,Class,OBO-style identifier
https://bioportal.bioontology.org/ontologies/FTDM.owl#DMTO_0002067,DMTO_0002067,Class,OBO-style identifier
https://bioportal.bioontology.org/ontologies/FTDM.owl#DMTO_0002068,DMTO_0002068,Class,OBO-style identifier
https://bioportal.bioontology.org/ontologies/FTDM.owl#DMTO_0002069,DMTO_0002069,Class,OBO-style identifier
https://bioportal.bioontology.org/ontologies/FTDM.owl#DMTO_0002070,DMTO_0002070,Class,OBO-style identifier
https://bioportal.bioontology.org/ontologies/FTDM.owl#DMTO_0002072,DMTO_0002072,Class,OBO-style identifier
https://bioportal.bioontology.org/ontologies/FTDM.owl#DMTO_0002073,DMTO_0002073,Class,OBO-style identifier
https://bioportal.bioontology.org/ontologies/FTDM.owl#DMTO_0002159,DMTO_0002159,Class,OBO-style identifier
https://bioportal.bioontology.org/ontologies/FTDM.owl#DMTO_0002160,DMTO_0002160,Class,OBO-style identifier
https://bioportal.bioontology.org/ontologies/FTDM.owl#DMTO_0002161,DMTO_0002161,Class,OBO-style identifier
https://bioportal.bioontology.org/ontologies/FTDM.owl#DMTO_0002162,DMTO_0002162,Class,OBO-style identifier
https://bioportal.bioontology.org/ontologies/FTDM.owl#DMTO_0002163,DMTO_0002163,Class,OBO-style identifier
https://bioportal.bioontology.org/ontologies/FTDM.owl#DMTO_0002164,DMTO_0002164,Class,OBO-style identifier
https://bioportal.bioontology.org/ontologies/FTDM.owl#DMTO_0002165,DMTO_0002165,Class,OBO-style identifier
https://bioportal.bioontology.org/ontologies/FTDM.owl#DMTO_0002166,DMTO_0002166,Class,OBO-style identifier
https://bioportal.bioontology.org/ontologies/FTDM.owl#DMTO_0002167,DMTO_0002167,Class,OBO-style identifier
https://bioportal.bioontology.org/ontologies/FTDM.owl#DMTO_0002168,DMTO_0002168,Class,OBO-style identifier
https://bioportal.bioontology.org/ontologies/FTDM.owl#DMTO_0002179,DMTO_0002179,Class,OBO-style identifier
https://bioportal.bioontology.org/ontologies/FTDM.owl#DMTO_0002180,DMTO_0002180,Class,OBO-style identifier
https://bioportal.bioontology.org/ontologies/FTDM.owl#DMTO_0002181,DMTO_0002181,Class,OBO-style identifier
https://bioportal.bioontology.org/ontologies/FTDM.owl#DMTO_0002182,DMTO_0002182,Class,OBO-style identifier
https://bioportal.bioontology.org/ontologies/FTDM.owl#DMTO_0002183,DMTO_0002183,Class,OBO-style identifier
https://bioportal.bioontology.org/ontologies/FTDM.owl#DMTO_0002187,DMTO_0002187,Class,OBO-style identifier
https://bioportal.bioontology.org/ontologies/FTDM.owl#DMTO_0002188,DMTO_0002188,Class,OBO-style identifier
https://bioportal.bioontology.org/ontologies/FTDM.owl#DMTO_0002190,DMTO_0002190,Class,OBO-style identifier
https://bioportal.bioontology.org/ontologies/FTDM.owl#DMTO_0002191,DMTO_0002191,Class,OBO-style identifier
https://bioportal.bioontology.org/ontologies/FTDM.owl#DMTO_0002192,DMTO_0002192,Class,OBO-style identifier
https://bioportal.bioontology.org/ontologies/FTDM.owl#DMTO_0002193,DMTO_0002193,Class,OBO-style identifier
https://bioportal.bioontology.org/ontologies/FTDM.owl#DMTO_0002194,DMTO_0002194,Class,OBO-style identifier
https://bioportal.bioontology.org/ontologies/FTDM.owl#DMTO_0002195,DMTO_0002195,Class,OBO-style identifier
https://bioportal.bioontology.org/ontologies/FTDM.owl#DMTO_0002196,DMTO_0002196,Class,OBO-style identifier
https://bioportal.bioontology.org/ontologies/FTDM.owl#DMTO_0002197,DMTO_0002197,Class,OBO-style identifier
https://bioportal.bioontology.org/ontologies/FTDM.owl#DMTO_0002198,DMTO_0002198,Class,OBO-style identifier
https://bioportal.bioontology.org/ontologies/FTDM.owl#DMTO_0002208,DMTO_0002208,Class,OBO-style identifier
https://bioportal.bioontology.org/ontologies/FTDM.owl#DMTO_0002209,DMTO_0002209,Class,OBO-style identifier
https://bioportal.bioontology.org/ontologies/FTDM.owl#DMTO_0002210,DMTO_0002210,Class,OBO-style identifier
https://bioportal.bioontology.org/ontologies/FTDM.owl#DMTO_0002211,DMTO_0002211,Class,OBO-style identifier
https://bioportal.bioontology.org/ontologies/FTDM.owl#DMTO_0002212,DMTO_0002212,Class,OBO-style identifier
https://bioportal.bioontology.org/ontologies/FTDM.owl#DMTO_0002213,DMTO_0002213,Class,OBO-style identifier
https://bioportal.bioontology.org/ontologies/FTDM.owl#DMTO_0002214,DMTO_0002214,Class,OBO-style identifier
https://bioportal.bioontology.org/ontologies/FTDM.owl#DMTO_0001975,DMTO_0001975,DatatypeProperty,OBO-style identifier
https://bioportal.bioontology.org/ontologies/FTDM.owl#DMTO_0002045,DMTO_0002045,DatatypeProperty,OBO-style identifier
https://bioportal.bioontology.org/ontologies/FTDM.owl#DMTO_0002060,DMTO_0002060,DatatypeProperty,OBO-style identifier
https://bioportal.bioontology.org/ontologies/FTDM.owl#DMTO_0002061,DMTO_0002061,DatatypeProperty,OBO-style identifier
https://bioportal.bioontology.org/ontologies/FTDM.owl#DMTO_0002063,DMTO_0002063,DatatypeProperty,OBO-style identifier
https://bioportal.bioontology.org/ontologies/FTDM.owl#DMTO_0002074,DMTO_0002074,DatatypeProperty,OBO-style identifier
https://bioportal.bioontology.org/ontologies/FTDM.owl#DMTO_0002075,DMTO_0002075,DatatypeProperty,OBO-style identifier
https://bioportal.bioontology.org/ontologies/FTDM.owl#DMTO_0002098,DMTO_0002098,DatatypeProperty,OBO-style identifier
https://bioportal.bioontology.org/ontologies/FTDM.owl#DMTO_0002099,DMTO_0002099,DatatypeProperty,OBO-style identifier
https://bioportal.bioontology.org/ontologies/FTDM.owl#DMTO_0002116,DMTO_0002116,DatatypeProperty,OBO-style identifier
https://bioportal.bioontology.org/ontologies/FTDM.owl#DMTO_0002117,DMTO_0002117,DatatypeProperty,OBO-style identifier
https://bioportal.bioontology.org/ontologies/FTDM.owl#DMTO_0002118,DMTO_0002118,DatatypeProperty,OBO-style identifier
https://bioportal.bioontology.org/ontologies/FTDM.owl#DMTO_0002119,DMTO_0002119,DatatypeProperty,OBO-style identifier
https://bioportal.bioontology.org/ontologies/FTDM.owl#DMTO_0002120,DMTO_0002120,DatatypeProperty,OBO-style identifier
https://bioportal.bioontology.org/ontologies/FTDM.owl#DMTO_0002121,DMTO_0002121,DatatypeProperty,OBO-style identifier
https://bioportal.bioontology.org/ontologies/FTDM.owl#DMTO_0002122,DMTO_0002122,DatatypeProperty,OBO-style identifier
https://bioportal.bioontology.org/ontologies/FTDM.owl#DMTO_0002123,DMTO_0002123,DatatypeProperty,OBO-style identifier
https://bioportal.bioontology.org/ontologies/FTDM.owl#DMTO_0002124,DMTO_0002124,DatatypeProperty,OBO-style identifier
https://bioportal.bioontology.org/ontologies/FTDM.owl#DMTO_0002135,DMTO_0002135,DatatypeProperty,OBO-style identifier
https://bioportal.bioontology.org/ontologies/FTDM.owl#DMTO_0002155,DMTO_0002155,DatatypeProperty,OBO-style identifier
https://bioportal.bioontology.org/ontologies/FTDM.owl#DMTO_0002156,DMTO_0002156,DatatypeProperty,OBO-style identifier
https://bioportal.bioontology.org/ontologies/FTDM.owl#DMTO_0002157,DMTO_0002157,DatatypeProperty,OBO-style identifier
https://bioportal.bioontology.org/ontologies/FTDM.owl#DMTO_0002158,DMTO_0002158,DatatypeProperty,OBO-style identifier
https://bioportal.bioontology.org/ontologies/FTDM.owl#DMTO_0002169,DMTO_0002169,DatatypeProperty,OBO-style identifier
https://bioportal.bioontology.org/ontologies/FTDM.owl#DMTO_0002171,DMTO_0002171,DatatypeProperty,OBO-style identifier
https://bioportal.bioontology.org/ontologies/FTDM.owl#DMTO_0002178,DMTO_0002178,DatatypeProperty,OBO-style identifier
https://bioportal.bioontology.org/ontologies/FTDM.owl#DMTO_0002185,DMTO_0002185,DatatypeProperty,OBO-style identifier
https://bioportal.bioontology.org/ontologies/FTDM.owl#DMTO_0002186,DMTO_0002186,DatatypeProperty,OBO-style identifier
https://bioportal.bioontology.org/ontologies/FTDM.owl#DMTO_0002206,DMTO_0002206,DatatypeProperty,OBO-style identifier
https://bioportal.bioontology.org/ontologies/FTDM.owl#DMTO_0002215,DMTO_0002215,DatatypeProperty,OBO-style identifier
https://bioportal.bioontology.org/ontologies/FTDM.owl#DMTO_0002216,DMTO_0002216,DatatypeProperty,OBO-style identifier
https://bioportal.bioontology.org/ontologies/FTDM.owl#DMTO_0002217,DMTO_0002217,DatatypeProperty,OBO-style identifier
https://bioportal.bioontology.org/ontologies/FTDM.owl#DMTO_0002218,DMTO_0002218,DatatypeProperty,OBO-style identifier
https://bioportal.bioontology.org/ontologies/FTDM.owl#DMTO_0002226,DMTO_0002226,DatatypeProperty,OBO-style identifier
https://bioportal.bioontology.org/ontologies/FTDM.owl#DMTO_0002227,DMTO_0002227,DatatypeProperty,OBO-style identifier
https://bioportal.bioontology.org/ontologies/FTDM.owl#DMTO_0002228,DMTO_0002228,DatatypeProperty,OBO-style identifier
https://bioportal.bioontology.org/ontologies/FTDM.owl#DMTO_0002229,DMTO_0002229,DatatypeProperty,OBO-style identifier
https://bioportal.bioontology.org/ontologies/FTDM.owl#FOTDO_000000,FOTDO_000000,DatatypeProperty,OBO-style identifier
https://bioportal.bioontology.org/ontologies/FTDM.owl#FOTDO_000001,FOTDO_000001,DatatypeProperty,OBO-style identifier
https://bioportal.bioontology.org/ontologies/FTDM.owl#FOTDO_000005,FOTDO_000005,DatatypeProperty,OBO-style identifier
https://bioportal.bioontology.org/ontologies/FTDM.owl#interval_1,interval_1,NamedIndividual,OBO-style identifier
https://bioportal.bioontology.org/ontologies/FTDM.owl#interval_2,interval_2,NamedIndividual,OBO-style identifier
https://bioportal.bioontology.org/ontologies/FTDM.owl#interval_3,interval_3,NamedIndividual,OBO-style identifier
https://bioportal.bioontology.org/ontologies/FTDM/IIT_1,IIT_1,NamedIndividual,OBO-style identifier
https://bioportal.bioontology.org/ontologies/FTDM/address_1,address_1,NamedIndividual,OBO-style identifier
https://bioportal.bioontology.org/ontologies/FTDM/careTeam_1,careTeam_1,NamedIndividual,OBO-style identifier
https://bioportal.bioontology.org/ontologies/FTDM/hospital_1,hospital_1,NamedIndividual,OBO-style identifier
https://bioportal.bioontology.org/ontologies/FTDM/patient_2,patient_2,NamedIndividual,OBO-style identifier
https://bioportal.bioontology.org/ontologies/FTDM/practitioner_1,practitioner_1,NamedIndividual,OBO-style identifier
https://bioportal.bioontology.org/ontologies/FTDM.owl#DMTO_0002049,DMTO_0002049,ObjectProperty,OBO-style identifier
https://bioportal.bioontology.org/ontologies/FTDM.owl#DMTO_0002059,DMTO_0002059,ObjectProperty,OBO-style identifier
https://bioportal.bioontology.org/ontologies/FTDM.owl#DMTO_0002170,DMTO_0002170,ObjectProperty,OBO-style identifier
https://bioportal.bioontology.org/ontologies/FTDM.owl#DMTO_0002172,DMTO_0002172,ObjectProperty,OBO-style identifier
https://bioportal.bioontology.org/ontologies/FTDM.owl#FASTOOntologyProperty,FASTOOntologyProperty,ObjectProperty,FASTO reference
https://bioportal.bioontology.org/ontologies/FTDM.owl#FOTDO_000004,FOTDO_000004,ObjectProperty,OBO-style identifier
