external_entity,predicate,fasto_target,reason
http://purl.obolibrary.org/obo/DDO.owl#DDO_0000121,http://www.w3.org/2000/01/rdf-schema#subPropertyOf,https://bioportal.bioontology.org/ontologies/FASTO/otherProperties,External entity modeled directly against FASTO entity
http://purl.obolibrary.org/obo/DDO.owl#DDO_0000122,http://www.w3.org/2000/01/rdf-schema#subPropertyOf,https://bioportal.bioontology.org/ontologies/FASTO/otherProperties,External entity modeled directly against FASTO entity
http://purl.obolibrary.org/obo/DDO.owl#DDO_0000134,http://www.w3.org/2000/01/rdf-schema#subPropertyOf,https://bioportal.bioontology.org/ontologies/FASTO/otherProperties,External entity modeled directly against FASTO entity
http://purl.obolibrary.org/obo/DDO.owl#DDO_0000138,http://www.w3.org/2000/01/rdf-schema#subPropertyOf,https://bioportal.bioontology.org/ontologies/FASTO/otherProperties,External entity modeled directly against FASTO entity
http://purl.obolibrary.org/obo/DDO.owl#has_synonym,http://www.w3.org/2000/01/rdf-schema#subPropertyOf,https://bioportal.bioontology.org/ontologies/FASTO/otherProperties,External entity modeled directly against FASTO entity
https://bioportal.bioontology.org/ontologies/FTDM.owl#DMTO_0000025,http://www.w3.org/2000/01/rdf-schema#subPropertyOf,https://bioportal.bioontology.org/ontologies/FASTO/otherProperties,External entity modeled directly against FASTO entity
https://bioportal.bioontology.org/ontologies/FTDM.owl#DMTO_0000035,http://www.w3.org/2000/01/rdf-schema#subPropertyOf,https://bioportal.bioontology.org/ontologies/FASTO/otherProperties,External entity modeled directly against FASTO entity
https://bioportal.bioontology.org/ontologies/FTDM.owl#DMTO_0000036,http://www.w3.org/2000/01/rdf-schema#subPropertyOf,https://bioportal.bioontology.org/ontologies/FASTO/otherProperties,External entity modeled directly against FASTO entity
https://bioportal.bioontology.org/ontologies/FTDM.owl#DMTO_0000037,http://www.w3.org/2000/01/rdf-schema#subPropertyOf,https://bioportal.bioontology.org/ontologies/FASTO/otherProperties,External entity modeled directly against FASTO entity
https://bioportal.bioontology.org/ontologies/FTDM.owl#DMTO_0001655,http://www.w3.org/2000/01/rdf-schema#subPropertyOf,https://bioportal.bioontology.org/ontologies/FASTO/otherProperties,External entity modeled directly against FASTO entity
https://bioportal.bioontology.org/ontologies/FTDM.owl#DMTO_0001663,http://www.w3.org/2000/01/rdf-schema#subPropertyOf,https://bioportal.bioontology.org/ontologies/FASTO/otherProperties,External entity modeled directly against FASTO entity
https://bioportal.bioontology.org/ontologies/FTDM.owl#DMTO_0001665,http://www.w3.org/2000/01/rdf-schema#subPropertyOf,https://bioportal.bioontology.org/ontologies/FASTO/otherProperties,External entity modeled directly against FASTO entity
https://bioportal.bioontology.org/ontologies/FTDM.owl#DMTO_0001675,http://www.w3.org/2000/01/rdf-schema#subPropertyOf,https://bioportal.bioontology.org/ontologies/FASTO/otherProperties,External entity modeled directly against FASTO entity
https://bioportal.bioontology.org/ontologies/FTDM.owl#DMTO_0001775,http://www.w3.org/2000/01/rdf-schema#subPropertyOf,https://bioportal.bioontology.org/ontologies/FASTO/otherProperties,External entity modeled directly against FASTO entity
https://bioportal.bioontology.org/ontologies/FTDM.owl#DMTO_0001781,http://www.w3.org/2000/01/rdf-schema#subPropertyOf,https://bioportal.bioontology.org/ontologies/FASTO/otherProperties,External entity modeled directly against FASTO entity
https://bioportal.bioontology.org/ontologies/FTDM.owl#DMTO_0001820,http://www.w3.org/2000/01/rdf-schema#subPropertyOf,https://bioportal.bioontology.org/ontologies/FASTO/otherProperties,External entity modeled directly against FASTO entity
https://bioportal.bioontology.org/ontologies/FTDM.owl#DMTO_0001825,http://www.w3.org/2000/01/rdf-schema#subPropertyOf,https://bioportal.bioontology.org/ontologies/FASTO/otherProperties,External entity modeled directly against FASTO entity
https://bioportal.bioontology.org/ontologies/FTDM.owl#DMTO_0001847,http://www.w3.org/2000/01/rdf-schema#subPropertyOf,https://bioportal.bioontology.org/ontologies/FASTO/otherProperties,External entity modeled directly against FASTO entity
https://bioportal.bioontology.org/ontologies/FTDM.owl#DMTO_0001849,http://www.w3.org/2000/01/rdf-schema#subPropertyOf,https://bioportal.bioontology.org/ontologies/FASTO/otherProperties,External entity modeled directly against FASTO entity
https://bioportal.bioontology.org/ontologies/FTDM.owl#DMTO_0001850,http://www.w3.org/2000/01/rdf-schema#subPropertyOf,https://bioportal.bioontology.org/ontologies/FASTO/otherProperties,External entity modeled directly against FASTO entity
https://bioportal.bioontology.org/ontologies/FTDM.owl#DMTO_0001975,http://www.w3.org/2000/01/rdf-schema#subPropertyOf,https://bioportal.bioontology.org/ontologies/FASTO/otherProperties,External entity modeled directly against FASTO entity
https://bioportal.bioontology.org/ontologies/FTDM.owl#DMTO_0002045,http://www.w3.org/2000/01/rdf-schema#subPropertyOf,https://bioportal.bioontology.org/ontologies/FASTO/otherProperties,External entity modeled directly against FASTO entity
https://bioportal.bioontology.org/ontologies/FTDM.owl#DMTO_0002060,http://www.w3.org/2000/01/rdf-schema#subPropertyOf,https://bioportal.bioontology.org/ontologies/FASTO/otherProperties,External entity modeled directly against FASTO entity
https://bioportal.bioontology.org/ontologies/FTDM.owl#DMTO_0002061,http://www.w3.org/2000/01/rdf-schema#subPropertyOf,https://bioportal.bioontology.org/ontologies/FASTO/otherProperties,External entity modeled directly against FASTO entity
https://bioportal.bioontology.org/ontologies/FTDM.owl#DMTO_0002063,http://www.w3.org/2000/01/rdf-schema#subPropertyOf,https://bioportal.bioontology.org/ontologies/FASTO/otherProperties,External entity modeled directly against FASTO entity
https://bioportal.bioontology.org/ontologies/FTDM.owl#DMTO_0002074,http://www.w3.org/2000/01/rdf-schema#subPropertyOf,https://bioportal.bioontology.org/ontologies/FASTO/otherProperties,External entity modeled directly against FASTO entity
https://bioportal.bioontology.org/ontologies/FTDM.owl#DMTO_0002075,http://www.w3.org/2000/01/rdf-schema#subPropertyOf,https://bioportal.bioontology.org/ontologies/FASTO/otherProperties,External entity modeled directly against FASTO entity
https://bioportal.bioontology.org/ontologies/FTDM.owl#DMTO_0002098,http://www.w3.org/2000/01/rdf-schema#subPropertyOf,https://bioportal.bioontology.org/ontologies/FASTO/otherProperties,External entity modeled directly against FASTO entity
https://bioportal.bioontology.org/ontologies/FTDM.owl#DMTO_0002099,http://www.w3.org/2000/01/rdf-schema#subPropertyOf,https://bioportal.bioontology.org/ontologies/FASTO/otherProperties,External entity modeled directly against FASTO entity
https://bioportal.bioontology.org/ontologies/FTDM.owl#DMTO_0002117,http://www.w3.org/2000/01/rdf-schema#subPropertyOf,https://bioportal.bioontology.org/ontologies/FASTO/otherProperties,External entity modeled directly against FASTO entity
https://bioportal.bioontology.org/ontologies/FTDM.owl#DMTO_0002118,http://www.w3.org/2000/01/rdf-schema#subPropertyOf,https://bioportal.bioontology.org/ontologies/FASTO/otherProperties,External entity modeled directly against FASTO entity
https://bioportal.bioontology.org/ontologies/FTDM.owl#DMTO_0002119,http://www.w3.org/2000/01/rdf-schema#subPropertyOf,https://bioportal.bioontology.org/ontologies/FASTO/otherProperties,External entity modeled directly against FASTO entity
https://bioportal.bioontology.org/ontologies/FTDM.owl#DMTO_0002120,http://www.w3.org/2000/01/rdf-schema#subPropertyOf,https://bioportal.bioontology.org/ontologies/FASTO/otherProperties,External entity modeled directly against FASTO entity
https://bioportal.bioontology.org/ontologies/FTDM.owl#DMTO_0002121,http://www.w3.org/2000/01/rdf-schema#subPropertyOf,https://bioportal.bioontology.org/ontologies/FASTO/otherProperties,External entity modeled directly against FASTO entity
https://bioportal.bioontology.org/ontologies/FTDM.owl#DMTO_0002122,http://www.w3.org/2000/01/rdf-schema#subPropertyOf,https://bioportal.bioontology.org/ontologies/FASTO/otherProperties,External entity modeled directly against FASTO entity
https://bioportal.bioontology.org/ontologies/FTDM.owl#DMTO_0002123,http://www.w3.org/2000/01/rdf-schema#subPropertyOf,https://bioportal.bioontology.org/ontologies/FASTO/otherProperties,External entity modeled directly against FASTO entity
https://bioportal.bioontology.org/ontologies/FTDM.owl#DMTO_0002124,http://www.w3.org/2000/01/rdf-schema#subPropertyOf,https://bioportal.bioontology.org/ontologies/FASTO/otherProperties,External entity modeled directly against FASTO entity
https://bioportal.bioontology.org/ontologies/FTDM.owl#DMTO_0002135,http://www.w3.org/2000/01/rdf-schema#subPropertyOf,https://bioportal.bioontology.org/ontologies/FASTO/otherProperties,External entity modeled directly against FASTO entity
https://bioportal.bioontology.org/ontologies/FTDM.owl#DMTO_0002156,http://www.w3.org/2000/01/rdf-schema#subPropertyOf,https://bioportal.bioontology.org/ontologies/FASTO/otherProperties,External entity modeled directly against FASTO entity
https://bioportal.bioontology.org/ontologies/FTDM.owl#DMTO_0002157,http://www.w3.org/2000/01/rdf-schema#subPropertyOf,https://bioportal.bioontology.org/ontologies/FASTO/otherProperties,External entity modeled directly against FASTO entity
https://bioportal.bioontology.org/ontologies/FTDM.owl#DMTO_0002158,http://www.w3.org/2000/01/rdf-schema#subPropertyOf,https://bioportal.bioontology.org/ontologies/FASTO/otherProperties,External entity modeled directly against FASTO entity
https://bioportal.bioontology.org/ontologies/FTDM.owl#DMTO_0002169,http://www.w3.org/2000/01/rdf-schema#subPropertyOf,https://bioportal.bioontology.org/ontologies/FASTO/otherProperties,External entity modeled directly against FASTO entity
https://bioportal.bioontology.org/ontologies/FTDM.owl#DMTO_0002171,http://www.w3.org/2000/01/rdf-schema#subPropertyOf,https://bioportal.bioontology.org/ontologies/FASTO/otherProperties,External entity modeled directly against FASTO entity
https://bioportal.bioontology.org/ontologies/FTDM.owl#DMTO_0002178,http://www.w3.org/2000/01/rdf-schema#subPropertyOf,https://bioportal.bioontology.org/ontologies/FASTO/otherProperties,External entity modeled directly against FASTO entity
https://bioportal.bioontology.org/ontologies/FTDM.owl#DMTO_0002185,http://www.w3.org/2000/01/rdf-schema#subPropertyOf,https://bioportal.bioontology.org/ontologies/FASTO/otherProperties,External entity modeled directly against FASTO entity
https://bioportal.bioontology.org/ontologies/FTDM.owl#DMTO_0002186,http://www.w3.org/2000/01/rdf-schema#subPropertyOf,https://bioportal.bioontology.org/ontologies/FASTO/otherProperties,External entity modeled directly against FASTO entity
https://bioportal.bioontology.org/ontologies/FTDM.owl#DMTO_0002206,http://www.w3.org/2000/01/rdf-schema#subPropertyOf,https://bioportal.bioontology.org/ontologies/FASTO/otherProperties,External entity modeled directly against FASTO entity
https://bioportal.bioontology.org/ontologies/FTDM.owl#DMTO_0002218,http://www.w3.org/2000/01/rdf-schema#subPropertyOf,https://bioportal.bioontology.org/ontologies/FASTO/otherProperties,External entity modeled directly against FASTO entity
https://bioportal.bioontology.org/ontologies/FTDM.owl#DMTO_0002226,http://www.w3.org/2000/01/rdf-schema#subPropertyOf,https://bioportal.bioontology.org/ontologies/FASTO/otherProperties,External entity modeled directly against FASTO entity
https://bioportal.bioontology.org/ontologies/FTDM.owl#DMTO_0002227,http://www.w3.org/2000/01/rdf-schema#subPropertyOf,https://bioportal.bioontology.org/ontologies/FASTO/otherProperties,External entity modeled directly against FASTO entity
https://bioportal.bioontology.org/ontologies/FTDM.owl#DMTO_0002228,http://www.w3.org/2000/01/rdf-schema#subPropertyOf,https://bioportal.bioontology.org/ontologies/FASTO/otherProperties,External entity modeled directly against FASTO entity
https://bioportal.bioontology.org/ontologies/FTDM.owl#DMTO_0002229,http://www.w3.org/2000/01/rdf-schema#subPropertyOf,https://bioportal.bioontology.org/ontologies/FASTO/otherProperties,External entity modeled directly against FASTO entity
