"25"	<http://www.w3.org/2002/07/owl#Class>
"25_KwikPen"	<http://www.w3.org/2002/07/owl#Class>
"30"	<http://www.w3.org/2002/07/owl#Class>
"30_FlexPen"	<http://www.w3.org/2002/07/owl#Class>
"30_KwikPen"	<http://www.w3.org/2002/07/owl#Class>
"50"	<http://www.w3.org/2002/07/owl#Class>
"50_KwikPen"	<http://www.w3.org/2002/07/owl#Class>
"Admelog"	<http://www.w3.org/2002/07/owl#NamedIndividual>
"Antihypertensive_drug"	<http://www.w3.org/2002/07/owl#Class>
"Basaglar"	<http://www.w3.org/2002/07/owl#Class>
"Condition.disease"	<http://www.w3.org/2002/07/owl#ObjectProperty>
"Condition.symptom"	<http://www.w3.org/2002/07/owl#ObjectProperty>
"DDO_17621005"	<http://www.w3.org/2002/07/owl#Class>
"DMTO_0001955"	<http://www.w3.org/2002/07/owl#Class>
"DMTO_0001956"	<http://www.w3.org/2002/07/owl#Class>
"DMTO_0001957"	<http://www.w3.org/2002/07/owl#Class>
"DMTO_0001958"	<http://www.w3.org/2002/07/owl#Class>
"DMTO_0001959"	<http://www.w3.org/2002/07/owl#Class>
"DMTO_0001960"	<http://www.w3.org/2002/07/owl#Class>
"DMTO_0001961"	<http://www.w3.org/2002/07/owl#Class>
"DMTO_0001962"	<http://www.w3.org/2002/07/owl#Class>
"DMTO_0001963"	<http://www.w3.org/2002/07/owl#Class>
"DMTO_0001964"	<http://www.w3.org/2002/07/owl#Class>
"DMTO_0001965"	<http://www.w3.org/2002/07/owl#Class>
"DMTO_0001966"	<http://www.w3.org/2002/07/owl#Class>
"DMTO_0001975"	<http://www.w3.org/2002/07/owl#DatatypeProperty>
"DMTO_0002045"	<http://www.w3.org/2002/07/owl#DatatypeProperty>
"DMTO_0002047"	<http://www.w3.org/2002/07/owl#Class>
"DMTO_0002049"	<http://www.w3.org/2002/07/owl#ObjectProperty>
"DMTO_0002058"	<http://www.w3.org/2002/07/owl#Class>
"DMTO_0002059"	<http://www.w3.org/2002/07/owl#ObjectProperty>
"DMTO_0002060"	<http://www.w3.org/2002/07/owl#DatatypeProperty>
"DMTO_0002061"	<http://www.w3.org/2002/07/owl#DatatypeProperty>
"DMTO_0002063"	<http://www.w3.org/2002/07/owl#DatatypeProperty>
"DMTO_0002064"	<http://www.w3.org/2002/07/owl#Class>
"DMTO_0002065"	<http://www.w3.org/2002/07/owl#Class>
"DMTO_0002066"	<http://www.w3.org/2002/07/owl#Class>
"DMTO_0002067"	<http://www.w3.org/2002/07/owl#Class>
"DMTO_0002068"	<http://www.w3.org/2002/07/owl#Class>
"DMTO_0002069"	<http://www.w3.org/2002/07/owl#Class>
"DMTO_0002070"	<http://www.w3.org/2002/07/owl#Class>
"DMTO_0002072"	<http://www.w3.org/2002/07/owl#Class>
"DMTO_0002073"	<http://www.w3.org/2002/07/owl#Class>
"DMTO_0002074"	<http://www.w3.org/2002/07/owl#DatatypeProperty>
"DMTO_0002075"	<http://www.w3.org/2002/07/owl#DatatypeProperty>
"DMTO_0002098"	<http://www.w3.org/2002/07/owl#DatatypeProperty>
"DMTO_0002099"	<http://www.w3.org/2002/07/owl#DatatypeProperty>
"DMTO_0002116"	<http://www.w3.org/2002/07/owl#DatatypeProperty>
"DMTO_0002117"	<http://www.w3.org/2002/07/owl#DatatypeProperty>
"DMTO_0002118"	<http://www.w3.org/2002/07/owl#DatatypeProperty>
"DMTO_0002119"	<http://www.w3.org/2002/07/owl#DatatypeProperty>
"DMTO_0002120"	<http://www.w3.org/2002/07/owl#DatatypeProperty>
"DMTO_0002121"	<http://www.w3.org/2002/07/owl#DatatypeProperty>
"DMTO_0002122"	<http://www.w3.org/2002/07/owl#DatatypeProperty>
"DMTO_0002123"	<http://www.w3.org/2002/07/owl#DatatypeProperty>
"DMTO_0002124"	<http://www.w3.org/2002/07/owl#DatatypeProperty>
"DMTO_0002135"	<http://www.w3.org/2002/07/owl#DatatypeProperty>
"DMTO_0002155"	<http://www.w3.org/2002/07/owl#DatatypeProperty>
"DMTO_0002156"	<http://www.w3.org/2002/07/owl#DatatypeProperty>
"DMTO_0002157"	<http://www.w3.org/2002/07/owl#DatatypeProperty>
"DMTO_0002158"	<http://www.w3.org/2002/07/owl#DatatypeProperty>
"DMTO_0002159"	<http://www.w3.org/2002/07/owl#Class>
"DMTO_0002160"	<http://www.w3.org/2002/07/owl#Class>
"DMTO_0002161"	<http://www.w3.org/2002/07/owl#Class>
"DMTO_0002162"	<http://www.w3.org/2002/07/owl#Class>
"DMTO_0002163"	<http://www.w3.org/2002/07/owl#Class>
"DMTO_0002164"	<http://www.w3.org/2002/07/owl#Class>
"DMTO_0002165"	<http://www.w3.org/2002/07/owl#Class>
"DMTO_0002166"	<http://www.w3.org/2002/07/owl#Class>
"DMTO_0002167"	<http://www.w3.org/2002/07/owl#Class>
"DMTO_0002168"	<http://www.w3.org/2002/07/owl#Class>
"DMTO_0002169"	<http://www.w3.org/2002/07/owl#DatatypeProperty>
"DMTO_0002170"	<http://www.w3.org/2002/07/owl#ObjectProperty>
"DMTO_0002171"	<http://www.w3.org/2002/07/owl#DatatypeProperty>
"DMTO_0002172"	<http://www.w3.org/2002/07/owl#ObjectProperty>
"DMTO_0002178"	<http://www.w3.org/2002/07/owl#DatatypeProperty>
"DMTO_0002179"	<http://www.w3.org/2002/07/owl#Class>
"DMTO_0002180"	<http://www.w3.org/2002/07/owl#Class>
"DMTO_0002181"	<http://www.w3.org/2002/07/owl#Class>
"DMTO_0002182"	<http://www.w3.org/2002/07/owl#Class>
"DMTO_0002183"	<http://www.w3.org/2002/07/owl#Class>
"DMTO_0002185"	<http://www.w3.org/2002/07/owl#DatatypeProperty>
"DMTO_0002186"	<http://www.w3.org/2002/07/owl#DatatypeProperty>
"DMTO_0002187"	<http://www.w3.org/2002/07/owl#Class>
"DMTO_0002188"	<http://www.w3.org/2002/07/owl#Class>
"DMTO_0002190"	<http://www.w3.org/2002/07/owl#Class>
"DMTO_0002191"	<http://www.w3.org/2002/07/owl#Class>
"DMTO_0002192"	<http://www.w3.org/2002/07/owl#Class>
"DMTO_0002193"	<http://www.w3.org/2002/07/owl#Class>
"DMTO_0002194"	<http://www.w3.org/2002/07/owl#Class>
"DMTO_0002195"	<http://www.w3.org/2002/07/owl#Class>
"DMTO_0002196"	<http://www.w3.org/2002/07/owl#Class>
"DMTO_0002197"	<http://www.w3.org/2002/07/owl#Class>
"DMTO_0002198"	<http://www.w3.org/2002/07/owl#Class>
"DMTO_0002206"	<http://www.w3.org/2002/07/owl#DatatypeProperty>
"DMTO_0002208"	<http://www.w3.org/2002/07/owl#Class>
"DMTO_0002209"	<http://www.w3.org/2002/07/owl#Class>
"DMTO_0002210"	<http://www.w3.org/2002/07/owl#Class>
"DMTO_0002211"	<http://www.w3.org/2002/07/owl#Class>
"DMTO_0002212"	<http://www.w3.org/2002/07/owl#Class>
"DMTO_0002213"	<http://www.w3.org/2002/07/owl#Class>
"DMTO_0002214"	<http://www.w3.org/2002/07/owl#Class>
"DMTO_0002215"	<http://www.w3.org/2002/07/owl#DatatypeProperty>
"DMTO_0002216"	<http://www.w3.org/2002/07/owl#DatatypeProperty>
"DMTO_0002217"	<http://www.w3.org/2002/07/owl#DatatypeProperty>
"DMTO_0002218"	<http://www.w3.org/2002/07/owl#DatatypeProperty>
"DMTO_0002226"	<http://www.w3.org/2002/07/owl#DatatypeProperty>
"DMTO_0002227"	<http://www.w3.org/2002/07/owl#DatatypeProperty>
"DMTO_0002228"	<http://www.w3.org/2002/07/owl#DatatypeProperty>
"DMTO_0002229"	<http://www.w3.org/2002/07/owl#DatatypeProperty>
"FASTOOntologyProperty"	<http://www.w3.org/2002/07/owl#ObjectProperty>
"FOTDO_000000"	<http://www.w3.org/2002/07/owl#DatatypeProperty>
"FOTDO_000001"	<http://www.w3.org/2002/07/owl#DatatypeProperty>
"FOTDO_000004"	<http://www.w3.org/2002/07/owl#ObjectProperty>
"FOTDO_000005"	<http://www.w3.org/2002/07/owl#DatatypeProperty>
"FixedRegimen"	<http://www.w3.org/2002/07/owl#Class>
"Flosequinan"	<http://www.w3.org/2002/07/owl#Class>
"GPB203_Micro"	<http://www.w3.org/2002/07/owl#Class>
"HumuLIN_R"	<http://www.w3.org/2002/07/owl#Class>
"HumuLIN_R_KwikPen_(Concentrated)_(U-500)"	<http://www.w3.org/2002/07/owl#Class>
"Humulin_R"	<http://www.w3.org/2002/07/owl#Class>
"Humulin_R_(Concentrated)_(U-500)"	<http://www.w3.org/2002/07/owl#Class>
"Humulin_R_Pen"	<http://www.w3.org/2002/07/owl#Class>
"Hypoglycemia"	<http://www.w3.org/2002/07/owl#NamedIndividual>
"Hypokalemia"	<http://www.w3.org/2002/07/owl#NamedIndividual>
"IIT_1"	<http://www.w3.org/2002/07/owl#NamedIndividual>
"Iloprost"	<http://www.w3.org/2002/07/owl#Class>
"Insulin_aspart_and_insulin_aspart_protamine"	<http://www.w3.org/2002/07/owl#Class>
"Insulin_aspart_and_insulin_degludec_(Subcutaneous)"	<http://www.w3.org/2002/07/owl#Class>
"Insulin_isophane_and_insulin_regular"	<http://www.w3.org/2002/07/owl#Class>
"Insulin_lispro_and_insulin_lispro_protamine"	<http://www.w3.org/2002/07/owl#Class>
"LOINC"	<http://www.w3.org/2002/07/owl#NamedIndividual>
"MLC815"	<http://www.w3.org/2002/07/owl#Class>
"MLC815"	<http://www.w3.org/2002/07/owl#NamedIndividual>
"MLC815SensorOutput_1"	<http://www.w3.org/2002/07/owl#NamedIndividual>
"Meal.component"	<http://www.w3.org/2002/07/owl#ObjectProperty>
"Metolazone"	<http://www.w3.org/2002/07/owl#Class>
"Novolin_R"	<http://www.w3.org/2002/07/owl#Class>
"Renal_Dysfunction"	<http://www.w3.org/2002/07/owl#NamedIndividual>
"Ryzodeg_FlexTouch_Pen"	<http://www.w3.org/2002/07/owl#Class>
"SNOMED_CT"	<http://www.w3.org/2002/07/owl#NamedIndividual>
"Toujeo"	<http://www.w3.org/2002/07/owl#Class>
"Tresiba"	<http://www.w3.org/2002/07/owl#Class>
"UCUM_coding_system"	<http://www.w3.org/2002/07/owl#NamedIndividual>
"YGX-CL928E"	<http://www.w3.org/2002/07/owl#Class>
"acanthosis_nigricans"	<http://www.w3.org/2002/07/owl#NamedIndividual>
"acetazolamide"	<http://www.w3.org/2002/07/owl#Class>
"aclidinium"	<http://www.w3.org/2002/07/owl#Class>
"aclidinium_bromide_375micrograms_inhaler"	<http://www.w3.org/2002/07/owl#Class>
"activeIngredient"	<http://www.w3.org/2002/07/owl#Class>
"actuator"	<http://www.w3.org/2002/07/owl#Class>
"acute_condition"	<http://www.w3.org/2002/07/owl#NamedIndividual>
"acute_disease"	<http://www.w3.org/2002/07/owl#NamedIndividual>
"acute_disease_code"	<http://www.w3.org/2002/07/owl#NamedIndividual>
"address_1"	<http://www.w3.org/2002/07/owl#NamedIndividual>
"address_1_city"	<http://www.w3.org/2002/07/owl#NamedIndividual>
"address_1_country"	<http://www.w3.org/2002/07/owl#NamedIndividual>
"address_1_postalCode"	<http://www.w3.org/2002/07/owl#NamedIndividual>
"admelog"	<http://www.w3.org/2002/07/owl#Class>
"adolescent"	<http://www.w3.org/2002/07/owl#Class>
"adult"	<http://www.w3.org/2002/07/owl#Class>
"afrezza"	<http://www.w3.org/2002/07/owl#Class>
"aldosterone_antagonists"	<http://www.w3.org/2002/07/owl#Class>
"aliskiren"	<http://www.w3.org/2002/07/owl#Class>
"ambrisentan"	<http://www.w3.org/2002/07/owl#Class>
"amiloride"	<http://www.w3.org/2002/07/owl#Class>
"aminophylline"	<http://www.w3.org/2002/07/owl#Class>
"amyl_nitrite"	<http://www.w3.org/2002/07/owl#Class>
"angiotensin-converting_enzyme_inhibitor"	<http://www.w3.org/2002/07/owl#Class>
"angiotensin_II_receptor_antagonist+diuretic"	<http://www.w3.org/2002/07/owl#Class>
"aquaretic"	<http://www.w3.org/2002/07/owl#Class>
"arteriosclerosis"	<http://www.w3.org/2002/07/owl#NamedIndividual>
"aspart"	<http://www.w3.org/2002/07/owl#Class>
"aspart"	<http://www.w3.org/2002/07/owl#NamedIndividual>
"aspirin"	<http://www.w3.org/2002/07/owl#NamedIndividual>
"aviptadil"	<http://www.w3.org/2002/07/owl#Class>
"bamethan_sulfate"	<http://www.w3.org/2002/07/owl#Class>
"beforeBedBloodGlucose"	<http://www.w3.org/2002/07/owl#Class>
"beforeBreakfastBloodGlucose"	<http://www.w3.org/2002/07/owl#Class>
"beforeEveningMealBloodGlucose"	<http://www.w3.org/2002/07/owl#Class>
"beforeLunchBloodGlucose"	<http://www.w3.org/2002/07/owl#Class>
"benazepril"	<http://www.w3.org/2002/07/owl#Class>
"benazepril_hydrochloride"	<http://www.w3.org/2002/07/owl#Class>
"bendroflumethiazide"	<http://www.w3.org/2002/07/owl#Class>
"benzbromarone"	<http://www.w3.org/2002/07/owl#Class>
"benzthiazide"	<http://www.w3.org/2002/07/owl#Class>
"betahistine"	<http://www.w3.org/2002/07/owl#Class>
"bloodGlucoseSensor"	<http://www.w3.org/2002/07/owl#Class>
"bloodPressureMeasurementCapability"	<http://www.w3.org/2002/07/owl#Class>
"bloodPressureSensor"	<http://www.w3.org/2002/07/owl#Class>
"bmi_1_patient_1"	<http://www.w3.org/2002/07/owl#NamedIndividual>
"bodyTempratureSensor"	<http://www.w3.org/2002/07/owl#Class>
"bodyWeightProperty"	<http://www.w3.org/2002/07/owl#Class>
"bodyWeightSensor"	<http://www.w3.org/2002/07/owl#Class>
"boolean_false"	<http://www.w3.org/2002/07/owl#NamedIndividual>
"bosentan"	<http://www.w3.org/2002/07/owl#Class>
"brand_name"	<http://www.w3.org/2002/07/owl#AnnotationProperty>
"brinzolamide"	<http://www.w3.org/2002/07/owl#Class>
"bumetanide"	<http://www.w3.org/2002/07/owl#Class>
"captopril"	<http://www.w3.org/2002/07/owl#Class>
"carbinoxamine"	<http://www.w3.org/2002/07/owl#Class>
"carbohydrate"	<http://www.w3.org/2002/07/owl#Class>
"carbonic_anhydrase_inhibitor"	<http://www.w3.org/2002/07/owl#Class>
"carePlan_1_a1c_goal"	<http://www.w3.org/2002/07/owl#NamedIndividual>
"carePlan_1_a1c_goalTargetComponent"	<http://www.w3.org/2002/07/owl#NamedIndividual>
"carePlan_1_a1c_target_dueDate"	<http://www.w3.org/2002/07/owl#NamedIndividual>
"carePlan_1_a1c_target_quantity"	<http://www.w3.org/2002/07/owl#NamedIndividual>
"carePlan_1_bedTime_goalTargetComponent"	<http://www.w3.org/2002/07/owl#NamedIndividual>
"carePlan_1_bedTime_target_dueDate"	<http://www.w3.org/2002/07/owl#NamedIndividual>
"carePlan_1_bedTime_target_range"	<http://www.w3.org/2002/07/owl#NamedIndividual>
"carePlan_1_bedTime_target_range_high"	<http://www.w3.org/2002/07/owl#NamedIndividual>
"carePlan_1_bedTime_target_range_high_decimal"	<http://www.w3.org/2002/07/owl#NamedIndividual>
"carePlan_1_bedTime_target_range_low"	<http://www.w3.org/2002/07/owl#NamedIndividual>
"carePlan_1_bedTime_target_range_low_decimal"	<http://www.w3.org/2002/07/owl#NamedIndividual>
"carePlan_1_medication_request_1"	<http://www.w3.org/2002/07/owl#NamedIndividual>
"carePlan_1_premealBG_goalTargetComponent"	<http://www.w3.org/2002/07/owl#NamedIndividual>
"carePlan_1_premealBG_target_dueDate"	<http://www.w3.org/2002/07/owl#NamedIndividual>
"carePlan_1_premealBG_target_range"	<http://www.w3.org/2002/07/owl#NamedIndividual>
"carePlan_1_premealBG_target_range_high"	<http://www.w3.org/2002/07/owl#NamedIndividual>
"carePlan_1_premealBG_target_range_high_decimal"	<http://www.w3.org/2002/07/owl#NamedIndividual>
"carePlan_1_premealBG_target_range_low"	<http://www.w3.org/2002/07/owl#NamedIndividual>
"carePlan_1_premealBG_target_range_low_decimal"	<http://www.w3.org/2002/07/owl#NamedIndividual>
"carePlan_1_title"	<http://www.w3.org/2002/07/owl#NamedIndividual>
"carePlan_active"	<http://www.w3.org/2002/07/owl#NamedIndividual>
"careTeam"	<http://www.w3.org/2002/07/owl#Class>
"careTeam_1"	<http://www.w3.org/2002/07/owl#NamedIndividual>
"centrally_acting_appetite_suppressant"	<http://www.w3.org/2002/07/owl#Class>
"cerebral_vasodilator"	<http://www.w3.org/2002/07/owl#Class>
"chemical_entity"	<http://www.w3.org/2002/07/owl#Class>
"child"	<http://www.w3.org/2002/07/owl#Class>
"chlorothiazide"	<http://www.w3.org/2002/07/owl#Class>
"chlorthalidone"	<http://www.w3.org/2002/07/owl#Class>
"chronic_kidney_disease"	<http://www.w3.org/2002/07/owl#NamedIndividual>
"cilazapril"	<http://www.w3.org/2002/07/owl#Class>
"clidinium"	<http://www.w3.org/2002/07/owl#Class>
"clofibrate"	<http://www.w3.org/2002/07/owl#Class>
"clopamide"	<http://www.w3.org/2002/07/owl#Class>
"comparatorCode"	<http://www.w3.org/2002/07/owl#Class>
"comparator_code_equal"	<http://www.w3.org/2002/07/owl#NamedIndividual>
"comparator_code_greaterThan"	<http://www.w3.org/2002/07/owl#NamedIndividual>
"comparator_code_greaterThanOrEqual"	<http://www.w3.org/2002/07/owl#NamedIndividual>
"comparator_code_lessThan"	<http://www.w3.org/2002/07/owl#NamedIndividual>
"comparator_code_lessThanOrEqual"	<http://www.w3.org/2002/07/owl#NamedIndividual>
"condition_2_dummy"	<http://www.w3.org/2002/07/owl#NamedIndividual>
"conivaptan"	<http://www.w3.org/2002/07/owl#Class>
"coronary_vasodilator"	<http://www.w3.org/2002/07/owl#Class>
"cyclandelate"	<http://www.w3.org/2002/07/owl#Class>
"cyclopenthiazide"	<http://www.w3.org/2002/07/owl#Class>
"dalbavancin"	<http://www.w3.org/2002/07/owl#Class>
"dalbavancin_500mg_powder_for_injection_solution"	<http://www.w3.org/2002/07/owl#Class>
"degludec"	<http://www.w3.org/2002/07/owl#Class>
"deserpidine"	<http://www.w3.org/2002/07/owl#Class>
"detemir"	<http://www.w3.org/2002/07/owl#Class>
"detemir"	<http://www.w3.org/2002/07/owl#NamedIndividual>
"detemir_duration_high"	<http://www.w3.org/2002/07/owl#NamedIndividual>
"detemir_duration_low"	<http://www.w3.org/2002/07/owl#NamedIndividual>
"detemir_onset_high"	<http://www.w3.org/2002/07/owl#NamedIndividual>
"detemir_onset_low"	<http://www.w3.org/2002/07/owl#NamedIndividual>
"detemir_peak_high"	<http://www.w3.org/2002/07/owl#NamedIndividual>
"detemir_peak_low"	<http://www.w3.org/2002/07/owl#NamedIndividual>
"diazoxide"	<http://www.w3.org/2002/07/owl#Class>
"dichlorphenamide"	<http://www.w3.org/2002/07/owl#Class>
"dipyridamole"	<http://www.w3.org/2002/07/owl#Class>
"diseaseContradictWithDrug"	<http://www.w3.org/2002/07/owl#ObjectProperty>
"diseaseContradictWithExercise"	<http://www.w3.org/2002/07/owl#ObjectProperty>
"diseaseContradictWithFood"	<http://www.w3.org/2002/07/owl#ObjectProperty>
"diseaseRecommendedDrug"	<http://www.w3.org/2002/07/owl#ObjectProperty>
"diseaseRecommendedFood"	<http://www.w3.org/2002/07/owl#ObjectProperty>
"diskospondylitis"	<http://www.w3.org/2002/07/owl#Class>
"distanceSensor"	<http://www.w3.org/2002/07/owl#Class>
"diuretic"	<http://www.w3.org/2002/07/owl#Class>
"dorzolamide"	<http://www.w3.org/2002/07/owl#Class>
"dosage_timing_daily"	<http://www.w3.org/2002/07/owl#NamedIndividual>
"dosage_timing_daily_coding"	<http://www.w3.org/2002/07/owl#NamedIndividual>
"dosage_timing_daily_coding_code"	<http://www.w3.org/2002/07/owl#NamedIndividual>
"dosage_timing_daily_coding_display"	<http://www.w3.org/2002/07/owl#NamedIndividual>
"doxylamine"	<http://www.w3.org/2002/07/owl#Class>
"drugA1CLoweringLevel"	<http://www.w3.org/2002/07/owl#Class>
"drugContradictDithDisease"	<http://www.w3.org/2002/07/owl#ObjectProperty>
"drugContradictWithDrug"	<http://www.w3.org/2002/07/owl#ObjectProperty>
"drugContradictWithFood"	<http://www.w3.org/2002/07/owl#ObjectProperty>
"drugs_used_to_treat_addiction"	<http://www.w3.org/2002/07/owl#Class>
"educationProgramRequest"	<http://www.w3.org/2002/07/owl#Class>
"educator"	<http://www.w3.org/2002/07/owl#Class>
"enalapril"	<http://www.w3.org/2002/07/owl#Class>
"enalaprilat"	<http://www.w3.org/2002/07/owl#Class>
"endogenous_obesity"	<http://www.w3.org/2002/07/owl#NamedIndividual>
"endothelin_receptor_antagonist"	<http://www.w3.org/2002/07/owl#Class>
"eplerenone"	<http://www.w3.org/2002/07/owl#Class>
"erythrityl_tetranitrate"	<http://www.w3.org/2002/07/owl#Class>
"ethacrynic_acid"	<http://www.w3.org/2002/07/owl#Class>
"ethanol"	<http://www.w3.org/2002/07/owl#NamedIndividual>
"ethanolamine_derivative_antihistamine"	<http://www.w3.org/2002/07/owl#Class>
"exerciseContradicteWithDisease"	<http://www.w3.org/2002/07/owl#ObjectProperty>
"familyMemberHistory"	<http://www.w3.org/2002/07/owl#Class>
"fat"	<http://www.w3.org/2002/07/owl#Class>
"fenfluramine"	<http://www.w3.org/2002/07/owl#Class>
"fenfluramine_hydrochloride"	<http://www.w3.org/2002/07/owl#Class>
"fenoldopam"	<http://www.w3.org/2002/07/owl#Class>
"fibrate_antihyperlipidemic"	<http://www.w3.org/2002/07/owl#Class>
"flu_syndrome_AE"	<http://www.w3.org/2002/07/owl#NamedIndividual>
"fosinopril"	<http://www.w3.org/2002/07/owl#Class>
"furosemide"	<http://www.w3.org/2002/07/owl#Class>
"gatifloxacin"	<http://www.w3.org/2002/07/owl#NamedIndividual>
"gemifloxacin"	<http://www.w3.org/2002/07/owl#NamedIndividual>
"gender_male"	<http://www.w3.org/2002/07/owl#NamedIndividual>
"generalPractitioner"	<http://www.w3.org/2002/07/owl#Class>
"generic_name"	<http://www.w3.org/2002/07/owl#AnnotationProperty>
"glargine"	<http://www.w3.org/2002/07/owl#Class>
"glargine_duration_high"	<http://www.w3.org/2002/07/owl#NamedIndividual>
"glargine_duration_low"	<http://www.w3.org/2002/07/owl#NamedIndividual>
"glargine_onset_high"	<http://www.w3.org/2002/07/owl#NamedIndividual>
"glargine_onset_low"	<http://www.w3.org/2002/07/owl#NamedIndividual>
"glucoseLevelValue"	<http://www.w3.org/2002/07/owl#Class>
"glulisine"	<http://www.w3.org/2002/07/owl#Class>
"glulisine"	<http://www.w3.org/2002/07/owl#NamedIndividual>
"glycopeptide_antibiotic"	<http://www.w3.org/2002/07/owl#Class>
"gram"	<http://www.w3.org/2002/07/owl#NamedIndividual>
"guanadrel"	<http://www.w3.org/2002/07/owl#Class>
"guanethidine"	<http://www.w3.org/2002/07/owl#Class>
"hasActivityLevel"	<http://www.w3.org/2002/07/owl#DatatypeProperty>
"hasBasalBedtimeDose"	<http://www.w3.org/2002/07/owl#ObjectProperty>
"hasBasalInsulin"	<http://www.w3.org/2002/07/owl#ObjectProperty>
"hasBasalInsulinPercentage"	<http://www.w3.org/2002/07/owl#DatatypeProperty>
"hasBasalInsulinUnits"	<http://www.w3.org/2002/07/owl#DatatypeProperty>
"hasBasalMorningDose"	<http://www.w3.org/2002/07/owl#ObjectProperty>
"hasBolusBreakfastDose"	<http://www.w3.org/2002/07/owl#ObjectProperty>
"hasBolusDinnerDose"	<http://www.w3.org/2002/07/owl#ObjectProperty>
"hasBolusInsulin"	<http://www.w3.org/2002/07/owl#ObjectProperty>
"hasBolusInsulinPercentage"	<http://www.w3.org/2002/07/owl#DatatypeProperty>
"hasBolusInsulinUnits"	<http://www.w3.org/2002/07/owl#DatatypeProperty>
"hasBolusLunchDose"	<http://www.w3.org/2002/07/owl#ObjectProperty>
"hasBreakfastMeal"	<http://www.w3.org/2002/07/owl#ObjectProperty>
"hasCarbsInsulinUnits"	<http://www.w3.org/2002/07/owl#DatatypeProperty>
"hasCarePlan"	<http://www.w3.org/2002/07/owl#ObjectProperty>
"hasCareTeam"	<http://www.w3.org/2002/07/owl#ObjectProperty>
"hasComplication"	<http://www.w3.org/2002/07/owl#ObjectProperty>
"hasCorrectionInsulinUnits"	<http://www.w3.org/2002/07/owl#DatatypeProperty>
"hasDinnerMeal"	<http://www.w3.org/2002/07/owl#ObjectProperty>
"hasDrugParticipant"	<http://www.w3.org/2002/07/owl#ObjectProperty>
"hasDuration"	<http://www.w3.org/2002/07/owl#ObjectProperty>
"hasFatsPerGramOfFood"	<http://www.w3.org/2002/07/owl#DatatypeProperty>
"hasFixedOneshotLongActingInsulin"	<http://www.w3.org/2002/07/owl#ObjectProperty>
"hasFixedOneshotLongActingInsulinDose"	<http://www.w3.org/2002/07/owl#ObjectProperty>
"hasFixedTwoshotsEveningIntermActingInsulin"	<http://www.w3.org/2002/07/owl#ObjectProperty>
"hasFixedTwoshotsEveningIntermActingInsulinDose"	<http://www.w3.org/2002/07/owl#ObjectProperty>
"hasFixedTwoshotsEveningShortActingInsulin"	<http://www.w3.org/2002/07/owl#ObjectProperty>
"hasFixedTwoshotsEveningShortActingInsulinDose"	<http://www.w3.org/2002/07/owl#ObjectProperty>
"hasFixedTwoshotsMorningIntermActingInsulin"	<http://www.w3.org/2002/07/owl#ObjectProperty>
"hasFixedTwoshotsMorningIntermActingInsulinDose"	<http://www.w3.org/2002/07/owl#ObjectProperty>
"hasFixedTwoshotsMorningShortActingInsulin"	<http://www.w3.org/2002/07/owl#ObjectProperty>
"hasFixedTwoshotsMorningShortActingInsulinDose"	<http://www.w3.org/2002/07/owl#ObjectProperty>
"hasForbiddenDrug"	<http://www.w3.org/2002/07/owl#ObjectProperty>
"hasForbiddenFood"	<http://www.w3.org/2002/07/owl#ObjectProperty>
"hasGlucoseBehaviorBeforeBedTime"	<http://www.w3.org/2002/07/owl#DatatypeProperty>
"hasGlucoseBehaviorBeforeBreakfast"	<http://www.w3.org/2002/07/owl#DatatypeProperty>
"hasGlucoseBehaviorBeforeDinner"	<http://www.w3.org/2002/07/owl#DatatypeProperty>
"hasGlucoseBehaviorBeforeLunch"	<http://www.w3.org/2002/07/owl#DatatypeProperty>
"hasHeight"	<http://www.w3.org/2002/07/owl#DatatypeProperty>
"hasHistory"	<http://www.w3.org/2002/07/owl#ObjectProperty>
"hasHistoryOfHyperglycemia"	<http://www.w3.org/2002/07/owl#DatatypeProperty>
"hasHistoryOfHypoglycemia"	<http://www.w3.org/2002/07/owl#DatatypeProperty>
"hasInsulinRegimen"	<http://www.w3.org/2002/07/owl#ObjectProperty>
"hasInsulinSensitivityFactor"	<http://www.w3.org/2002/07/owl#ObjectProperty>
"hasInsulinToCarbohydrateRatio"	<http://www.w3.org/2002/07/owl#ObjectProperty>
"hasKiloCaloriesPerGramOfFood"	<http://www.w3.org/2002/07/owl#DatatypeProperty>
"hasLunchMeal"	<http://www.w3.org/2002/07/owl#ObjectProperty>
"hasNotPreferFood"	<http://www.w3.org/2002/07/owl#ObjectProperty>
"hasOnset"	<http://www.w3.org/2002/07/owl#ObjectProperty>
"hasPart"	<http://www.w3.org/2002/07/owl#ObjectProperty>
"hasPatientID"	<http://www.w3.org/2002/07/owl#DatatypeProperty>
"hasPatientMedication"	<http://www.w3.org/2002/07/owl#ObjectProperty>
"hasPatientProfile"	<http://www.w3.org/2002/07/owl#ObjectProperty>
"hasPeak"	<http://www.w3.org/2002/07/owl#ObjectProperty>
"hasPreferFood"	<http://www.w3.org/2002/07/owl#ObjectProperty>
"hasPreferedInsulinRegimen"	<http://www.w3.org/2002/07/owl#DatatypeProperty>
"hasPremixedInsulin"	<http://www.w3.org/2002/07/owl#ObjectProperty>
"hasProfileDuration"	<http://www.w3.org/2002/07/owl#ObjectProperty>
"hasProteinsPerGramOfFood"	<http://www.w3.org/2002/07/owl#DatatypeProperty>
"hasQuantityInGrams"	<http://www.w3.org/2002/07/owl#DatatypeProperty>
"hasRecommendedFood"	<http://www.w3.org/2002/07/owl#ObjectProperty>
"hasSensorID"	<http://www.w3.org/2002/07/owl#DatatypeProperty>
"hasSymptom"	<http://www.w3.org/2002/07/owl#ObjectProperty>
"hasTotalCarbsInGrams"	<http://www.w3.org/2002/07/owl#DatatypeProperty>
"hasTotalDailyDose"	<http://www.w3.org/2002/07/owl#DatatypeProperty>
"hasTotalInsulin"	<http://www.w3.org/2002/07/owl#DatatypeProperty>
"hasTypeOfInjectionTherapy"	<http://www.w3.org/2002/07/owl#DatatypeProperty>
"hasWBANID"	<http://www.w3.org/2002/07/owl#DatatypeProperty>
"hasWeight"	<http://www.w3.org/2002/07/owl#DatatypeProperty>
"hasWeightToTDDfactor"	<http://www.w3.org/2002/07/owl#DatatypeProperty>
"has_3_months_A1C_level"	<http://www.w3.org/2002/07/owl#ObjectProperty>
"has_bedtime_blooad_glucose_level"	<http://www.w3.org/2002/07/owl#ObjectProperty>
"has_blood_pressure_level"	<http://www.w3.org/2002/07/owl#ObjectProperty>
"has_current_blood_glucose_level"	<http://www.w3.org/2002/07/owl#ObjectProperty>
"has_daily_premeal_blood_glucose_level"	<http://www.w3.org/2002/07/owl#ObjectProperty>
"has_diastolic_blood_pressure"	<http://www.w3.org/2002/07/owl#DatatypeProperty>
"has_emergency_contact"	<http://www.w3.org/2002/07/owl#DatatypeProperty>
"has_end"	<http://www.w3.org/2002/07/owl#DatatypeProperty>
"has_fasting_blooad_glucose_level"	<http://www.w3.org/2002/07/owl#ObjectProperty>
"has_hypoglycemic_risk_level"	<http://www.w3.org/2002/07/owl#DatatypeProperty>
"has_insulin_duration"	<http://www.w3.org/2002/07/owl#ObjectProperty>
"has_insulin_factor_time"	<http://www.w3.org/2002/07/owl#DatatypeProperty>
"has_insulin_factor_value"	<http://www.w3.org/2002/07/owl#DatatypeProperty>
"has_insulin_regimen"	<http://www.w3.org/2002/07/owl#ObjectProperty>
"has_premixed_first_shot_dose"	<http://www.w3.org/2002/07/owl#DatatypeProperty>
"has_premixed_second_shot_dose"	<http://www.w3.org/2002/07/owl#DatatypeProperty>
"has_premixed_third_shot_dose"	<http://www.w3.org/2002/07/owl#DatatypeProperty>
"has_real_time_glucose_level"	<http://www.w3.org/2002/07/owl#DatatypeProperty>
"has_regimen_name"	<http://www.w3.org/2002/07/owl#DatatypeProperty>
"has_start"	<http://www.w3.org/2002/07/owl#DatatypeProperty>
"has_systolic_blood_pressure"	<http://www.w3.org/2002/07/owl#DatatypeProperty>
"healthcare_Organization"	<http://www.w3.org/2002/07/owl#Class>
"hospital_1"	<http://www.w3.org/2002/07/owl#NamedIndividual>
"hub"	<http://www.w3.org/2002/07/owl#Class>
"humalog_Mix"	<http://www.w3.org/2002/07/owl#Class>
"human_B-type_natriuretic_peptide"	<http://www.w3.org/2002/07/owl#Class>
"hydralazine"	<http://www.w3.org/2002/07/owl#Class>
"hydrochlorothiazide"	<http://www.w3.org/2002/07/owl#Class>
"hydroflumethiazide"	<http://www.w3.org/2002/07/owl#Class>
"hypokalaemia_AE"	<http://www.w3.org/2002/07/owl#NamedIndividual>
"hypotensive_agent"	<http://www.w3.org/2002/07/owl#Class>
"imidapril"	<http://www.w3.org/2002/07/owl#Class>
"indapamide"	<http://www.w3.org/2002/07/owl#Class>
"inositol_niacinate"	<http://www.w3.org/2002/07/owl#Class>
"insulinRegimen"	<http://www.w3.org/2002/07/owl#Class>
"insulinRelatedFactors"	<http://www.w3.org/2002/07/owl#Class>
"insulinResistant"	<http://www.w3.org/2002/07/owl#Class>
"insulinSensitivityFactor"	<http://www.w3.org/2002/07/owl#Class>
"insulinToCarbohydrateRatio"	<http://www.w3.org/2002/07/owl#Class>
"insulin_NPH"	<http://www.w3.org/2002/07/owl#Class>
"insulin_dosage_timing"	<http://www.w3.org/2002/07/owl#NamedIndividual>
"insulin_injection"	<http://www.w3.org/2002/07/owl#NamedIndividual>
"insulin_injection_display"	<http://www.w3.org/2002/07/owl#NamedIndividual>
"insulin_route_of_administration"	<http://www.w3.org/2002/07/owl#NamedIndividual>
"insulin_route_of_administration_coding"	<http://www.w3.org/2002/07/owl#NamedIndividual>
"intensiveInsulinTherapy"	<http://www.w3.org/2002/07/owl#Class>
"interval"	<http://www.w3.org/2002/07/owl#Class>
"interval_1"	<http://www.w3.org/2002/07/owl#NamedIndividual>
"interval_2"	<http://www.w3.org/2002/07/owl#NamedIndividual>
"interval_3"	<http://www.w3.org/2002/07/owl#NamedIndividual>
"intra-arterial_vasodilator"	<http://www.w3.org/2002/07/owl#Class>
"intra-cavernosal_vasodilator"	<http://www.w3.org/2002/07/owl#Class>
"intravenous_vasodilator"	<http://www.w3.org/2002/07/owl#Class>
"isInsulinResistant"	<http://www.w3.org/2002/07/owl#DatatypeProperty>
"isPragnant"	<http://www.w3.org/2002/07/owl#DatatypeProperty>
"isophane"	<http://www.w3.org/2002/07/owl#Class>
"isosorbide"	<http://www.w3.org/2002/07/owl#Class>
"isosorbide_dinitrate"	<http://www.w3.org/2002/07/owl#Class>
"isosorbide_mononitrate"	<http://www.w3.org/2002/07/owl#Class>
"isoxsuprine"	<http://www.w3.org/2002/07/owl#Class>
"ketanserin"	<http://www.w3.org/2002/07/owl#Class>
"levosimendan"	<http://www.w3.org/2002/07/owl#Class>
"lisinopril"	<http://www.w3.org/2002/07/owl#Class>
"lispro"	<http://www.w3.org/2002/07/owl#Class>
"lispro"	<http://www.w3.org/2002/07/owl#NamedIndividual>
"loop_diuretic"	<http://www.w3.org/2002/07/owl#Class>
"mannitol"	<http://www.w3.org/2002/07/owl#Class>
"mechanismOfAction"	<http://www.w3.org/2002/07/owl#Class>
"medication_affect_insulin_sensitivity"	<http://www.w3.org/2002/07/owl#Class>
"medroxyprogesterone"	<http://www.w3.org/2002/07/owl#NamedIndividual>
"mefruside"	<http://www.w3.org/2002/07/owl#Class>
"mercurial_diuretic"	<http://www.w3.org/2002/07/owl#Class>
"mersalyl"	<http://www.w3.org/2002/07/owl#Class>
"methadone"	<http://www.w3.org/2002/07/owl#Class>
"methazolamide"	<http://www.w3.org/2002/07/owl#Class>
"methyclothiazide"	<http://www.w3.org/2002/07/owl#Class>
"metoprolol"	<http://www.w3.org/2002/07/owl#NamedIndividual>
"metyrosine"	<http://www.w3.org/2002/07/owl#Class>
"minoxidil"	<http://www.w3.org/2002/07/owl#Class>
"moexipril"	<http://www.w3.org/2002/07/owl#Class>
"moexipril_hydrochloride"	<http://www.w3.org/2002/07/owl#Class>
"monitors"	<http://www.w3.org/2002/07/owl#ObjectProperty>
"nafronyl"	<http://www.w3.org/2002/07/owl#Class>
"nesiritide"	<http://www.w3.org/2002/07/owl#Class>
"neutral_protamine_Hagedorn"	<http://www.w3.org/2002/07/owl#Class>
"nicofuranose"	<http://www.w3.org/2002/07/owl#Class>
"nicorandil"	<http://www.w3.org/2002/07/owl#Class>
"nicotinyl_alcohol"	<http://www.w3.org/2002/07/owl#Class>
"nimodipine"	<http://www.w3.org/2002/07/owl#Class>
"nitrate-based_vasodilating_agent"	<http://www.w3.org/2002/07/owl#Class>
"nitroglycerin"	<http://www.w3.org/2002/07/owl#Class>
"nitroprusside"	<http://www.w3.org/2002/07/owl#Class>
"node"	<http://www.w3.org/2002/07/owl#Class>
"nonInsulinResistant"	<http://www.w3.org/2002/07/owl#Class>
"obese_codeable"	<http://www.w3.org/2002/07/owl#NamedIndividual>
"obesity"	<http://www.w3.org/2002/07/owl#NamedIndividual>
"obesity_condition"	<http://www.w3.org/2002/07/owl#NamedIndividual>
"oldAdult"	<http://www.w3.org/2002/07/owl#Class>
"oneShotDaily"	<http://www.w3.org/2002/07/owl#Class>
"organization"	<http://www.w3.org/2002/07/owl#Class>
"osmotic_diuretic"	<http://www.w3.org/2002/07/owl#Class>
"osteomyelitis"	<http://www.w3.org/2002/07/owl#Class>
"oxerutins"	<http://www.w3.org/2002/07/owl#Class>
"pamabrom"	<http://www.w3.org/2002/07/owl#Class>
"papaverine"	<http://www.w3.org/2002/07/owl#Class>
"parenteral_form_urea"	<http://www.w3.org/2002/07/owl#Class>
"patientContradictWithAspart"	<http://www.w3.org/2002/07/owl#Class>
"patientContradictWithDetemir"	<http://www.w3.org/2002/07/owl#Class>
"patientContradictWithGlargine"	<http://www.w3.org/2002/07/owl#Class>
"patientContradictWithGlulisine"	<http://www.w3.org/2002/07/owl#Class>
"patientContradictWithLispro"	<http://www.w3.org/2002/07/owl#Class>
"patientHasNoLongActingContradict"	<http://www.w3.org/2002/07/owl#Class>
"patientInHoneymoonPeriod"	<http://www.w3.org/2002/07/owl#Class>
"patientNOTInHoneymoonPeriod"	<http://www.w3.org/2002/07/owl#Class>
"patientProfile"	<http://www.w3.org/2002/07/owl#Class>
"patient_1_age"	<http://www.w3.org/2002/07/owl#NamedIndividual>
"patient_1_allergyIntolerance_1"	<http://www.w3.org/2002/07/owl#NamedIndividual>
"patient_1_birthDate"	<http://www.w3.org/2002/07/owl#NamedIndividual>
"patient_1_bmi_ObservationValue_1"	<http://www.w3.org/2002/07/owl#NamedIndividual>
"patient_1_bodyWeightProperty_1"	<http://www.w3.org/2002/07/owl#NamedIndividual>
"patient_1_breakfast_1"	<http://www.w3.org/2002/07/owl#NamedIndividual>
"patient_1_carePlan_1"	<http://www.w3.org/2002/07/owl#NamedIndividual>
"patient_1_carePlan_1_1ac_goal_status"	<http://www.w3.org/2002/07/owl#NamedIndividual>
"patient_1_carePlan_1_a1c_goal"	<http://www.w3.org/2002/07/owl#NamedIndividual>
"patient_1_carePlan_1_bedTimeBG_goal_status"	<http://www.w3.org/2002/07/owl#NamedIndividual>
"patient_1_carePlan_1_bedtime_goal"	<http://www.w3.org/2002/07/owl#NamedIndividual>
"patient_1_carePlan_1_bloodPressure_goal"	<http://www.w3.org/2002/07/owl#NamedIndividual>
"patient_1_carePlan_1_category"	<http://www.w3.org/2002/07/owl#NamedIndividual>
"patient_1_carePlan_1_category_code"	<http://www.w3.org/2002/07/owl#NamedIndividual>
"patient_1_carePlan_1_category_coding"	<http://www.w3.org/2002/07/owl#NamedIndividual>
"patient_1_carePlan_1_category_display"	<http://www.w3.org/2002/07/owl#NamedIndividual>
"patient_1_carePlan_1_category_text"	<http://www.w3.org/2002/07/owl#NamedIndividual>
"patient_1_carePlan_1_date"	<http://www.w3.org/2002/07/owl#NamedIndividual>
"patient_1_carePlan_1_education_activityComponent"	<http://www.w3.org/2002/07/owl#NamedIndividual>
"patient_1_carePlan_1_exercise_activityComponent"	<http://www.w3.org/2002/07/owl#NamedIndividual>
"patient_1_carePlan_1_fixed_regimen_1"	<http://www.w3.org/2002/07/owl#NamedIndividual>
"patient_1_carePlan_1_fixed_regimen_1_evening_long_dose"	<http://www.w3.org/2002/07/owl#NamedIndividual>
"patient_1_carePlan_1_fixed_regimen_1_evening_long_quantity"	<http://www.w3.org/2002/07/owl#NamedIndividual>
"patient_1_carePlan_1_fixed_regimen_1_evening_long_quantity_value"	<http://www.w3.org/2002/07/owl#NamedIndividual>
"patient_1_carePlan_1_fixed_regimen_1_evening_short_dose"	<http://www.w3.org/2002/07/owl#NamedIndividual>
"patient_1_carePlan_1_fixed_regimen_1_evening_short_quantity"	<http://www.w3.org/2002/07/owl#NamedIndividual>
"patient_1_carePlan_1_fixed_regimen_1_evening_short_quantity_value"	<http://www.w3.org/2002/07/owl#NamedIndividual>
"patient_1_carePlan_1_fixed_regimen_1_morning_long_dose"	<http://www.w3.org/2002/07/owl#NamedIndividual>
"patient_1_carePlan_1_fixed_regimen_1_morning_long_quantity"	<http://www.w3.org/2002/07/owl#NamedIndividual>
"patient_1_carePlan_1_fixed_regimen_1_morning_long_quantity_value"	<http://www.w3.org/2002/07/owl#NamedIndividual>
"patient_1_carePlan_1_fixed_regimen_1_morning_short_dose"	<http://www.w3.org/2002/07/owl#NamedIndividual>
"patient_1_carePlan_1_fixed_regimen_1_morning_short_quantity"	<http://www.w3.org/2002/07/owl#NamedIndividual>
"patient_1_carePlan_1_fixed_regimen_1_morning_short_quantity_value"	<http://www.w3.org/2002/07/owl#NamedIndividual>
"patient_1_carePlan_1_medication_activityComponent"	<http://www.w3.org/2002/07/owl#NamedIndividual>
"patient_1_carePlan_1_nutrition_activityComponent"	<http://www.w3.org/2002/07/owl#NamedIndividual>
"patient_1_carePlan_1_period"	<http://www.w3.org/2002/07/owl#NamedIndividual>
"patient_1_carePlan_1_period_end"	<http://www.w3.org/2002/07/owl#NamedIndividual>
"patient_1_carePlan_1_period_start"	<http://www.w3.org/2002/07/owl#NamedIndividual>
"patient_1_carePlan_1_preMealBG_goal"	<http://www.w3.org/2002/07/owl#NamedIndividual>
"patient_1_carePlan_1_premeal_goal_status"	<http://www.w3.org/2002/07/owl#NamedIndividual>
"patient_1_carePlan_1_regimen"	<http://www.w3.org/2002/07/owl#NamedIndividual>
"patient_1_carePlan_1_weight_goal"	<http://www.w3.org/2002/07/owl#NamedIndividual>
"patient_1_code_obese"	<http://www.w3.org/2002/07/owl#NamedIndividual>
"patient_1_coding_obese"	<http://www.w3.org/2002/07/owl#NamedIndividual>
"patient_1_coding_obese_display"	<http://www.w3.org/2002/07/owl#NamedIndividual>
"patient_1_diabetesDuration"	<http://www.w3.org/2002/07/owl#NamedIndividual>
"patient_1_diabetesDuration_Q_value"	<http://www.w3.org/2002/07/owl#NamedIndividual>
"patient_1_encounter_1"	<http://www.w3.org/2002/07/owl#NamedIndividual>
"patient_1_familyMemberHistory"	<http://www.w3.org/2002/07/owl#NamedIndividual>
"patient_1_id"	<http://www.w3.org/2002/07/owl#NamedIndividual>
"patient_1_id_period"	<http://www.w3.org/2002/07/owl#NamedIndividual>
"patient_1_id_period_start"	<http://www.w3.org/2002/07/owl#NamedIndividual>
"patient_1_id_system"	<http://www.w3.org/2002/07/owl#NamedIndividual>
"patient_1_id_use"	<http://www.w3.org/2002/07/owl#NamedIndividual>
"patient_1_id_value"	<http://www.w3.org/2002/07/owl#NamedIndividual>
"patient_1_medicationStatement_1"	<http://www.w3.org/2002/07/owl#NamedIndividual>
"patient_1_name"	<http://www.w3.org/2002/07/owl#NamedIndividual>
"patient_1_name_family"	<http://www.w3.org/2002/07/owl#NamedIndividual>
"patient_1_name_given"	<http://www.w3.org/2002/07/owl#NamedIndividual>
"patient_1_obese_str"	<http://www.w3.org/2002/07/owl#NamedIndividual>
"patient_1_profile"	<http://www.w3.org/2002/07/owl#NamedIndividual>
"patient_1_relative"	<http://www.w3.org/2002/07/owl#NamedIndividual>
"patient_1_weight_1_obs_codable"	<http://www.w3.org/2002/07/owl#NamedIndividual>
"patient_1_weight_1_obs_code"	<http://www.w3.org/2002/07/owl#NamedIndividual>
"patient_1_weight_1_obs_coding"	<http://www.w3.org/2002/07/owl#NamedIndividual>
"patient_1_weight_1_obs_comparator"	<http://www.w3.org/2002/07/owl#NamedIndividual>
"patient_1_weight_1_obs_date"	<http://www.w3.org/2002/07/owl#NamedIndividual>
"patient_1_weight_1_obs_display"	<http://www.w3.org/2002/07/owl#NamedIndividual>
"patient_1_weight_1_obs_quantity"	<http://www.w3.org/2002/07/owl#NamedIndividual>
"patient_1_weight_1_obs_text"	<http://www.w3.org/2002/07/owl#NamedIndividual>
"patient_1_weight_1_obs_value"	<http://www.w3.org/2002/07/owl#NamedIndividual>
"patient_1_weight_ObservationValue_1"	<http://www.w3.org/2002/07/owl#NamedIndividual>
"patient_1_weight_ObservationValue_category"	<http://www.w3.org/2002/07/owl#NamedIndividual>
"patient_1_weight_ObservationValue_category_code"	<http://www.w3.org/2002/07/owl#NamedIndividual>
"patient_1_weight_ObservationValue_category_coding"	<http://www.w3.org/2002/07/owl#NamedIndividual>
"patient_1_weight_ObservationValue_category_display"	<http://www.w3.org/2002/07/owl#NamedIndividual>
"patient_1_weight_featureOfInterest"	<http://www.w3.org/2002/07/owl#NamedIndividual>
"patient_1_weight_observation_1"	<http://www.w3.org/2002/07/owl#NamedIndividual>
"patient_2"	<http://www.w3.org/2002/07/owl#NamedIndividual>
"patient_2_carePlan_a1c_goal"	<http://www.w3.org/2002/07/owl#NamedIndividual>
"patient_2_carePlan_bedTime_goal"	<http://www.w3.org/2002/07/owl#NamedIndividual>
"patient_2_carePlan_preMeal_goal"	<http://www.w3.org/2002/07/owl#NamedIndividual>
"patient_2_profile"	<http://www.w3.org/2002/07/owl#NamedIndividual>
"pentaerythritol_tetranitrate"	<http://www.w3.org/2002/07/owl#Class>
"pentamidine"	<http://www.w3.org/2002/07/owl#NamedIndividual>
"pentoxifylline"	<http://www.w3.org/2002/07/owl#Class>
"perindopril"	<http://www.w3.org/2002/07/owl#Class>
"pharyngitis_AE"	<http://www.w3.org/2002/07/owl#NamedIndividual>
"physicalExercise"	<http://www.w3.org/2002/07/owl#Class>
"piretanide"	<http://www.w3.org/2002/07/owl#Class>
"polythiazide"	<http://www.w3.org/2002/07/owl#Class>
"potassium-sparing_diuretic"	<http://www.w3.org/2002/07/owl#Class>
"potassium_canrenoate"	<http://www.w3.org/2002/07/owl#Class>
"practitioner_1"	<http://www.w3.org/2002/07/owl#NamedIndividual>
"pramlintide"	<http://www.w3.org/2002/07/owl#Class>
"pramlintide"	<http://www.w3.org/2002/07/owl#NamedIndividual>
"pre-mixed_insulin"	<http://www.w3.org/2002/07/owl#Class>
"pregnant"	<http://www.w3.org/2002/07/owl#Class>
"prenylamine"	<http://www.w3.org/2002/07/owl#Class>
"probenecid"	<http://www.w3.org/2002/07/owl#Class>
"process_quality"	<http://www.w3.org/2002/07/owl#Class>
"protein"	<http://www.w3.org/2002/07/owl#Class>
"purine_diuretic"	<http://www.w3.org/2002/07/owl#Class>
"pyogenic_proteinuria"	<http://www.w3.org/2002/07/owl#Class>
"pyuria"	<http://www.w3.org/2002/07/owl#Class>
"quantity_bmi_1_patient_1"	<http://www.w3.org/2002/07/owl#NamedIndividual>
"quantity_detemir_duration_high"	<http://www.w3.org/2002/07/owl#NamedIndividual>
"quantity_detemir_duration_low"	<http://www.w3.org/2002/07/owl#NamedIndividual>
"quantity_detemir_onset_high"	<http://www.w3.org/2002/07/owl#NamedIndividual>
"quantity_detemir_onset_low"	<http://www.w3.org/2002/07/owl#NamedIndividual>
"quantity_detemir_peak_high"	<http://www.w3.org/2002/07/owl#NamedIndividual>
"quantity_detemir_peak_low"	<http://www.w3.org/2002/07/owl#NamedIndividual>
"quantity_glargine_duration_high"	<http://www.w3.org/2002/07/owl#NamedIndividual>
"quantity_glargine_duration_low"	<http://www.w3.org/2002/07/owl#NamedIndividual>
"quantity_glargine_onset_high"	<http://www.w3.org/2002/07/owl#NamedIndividual>
"quantity_glargine_onset_low"	<http://www.w3.org/2002/07/owl#NamedIndividual>
"quantity_rapid_acting_duration_high"	<http://www.w3.org/2002/07/owl#NamedIndividual>
"quantity_rapid_acting_duration_low"	<http://www.w3.org/2002/07/owl#NamedIndividual>
"quantity_rapid_acting_onset_high"	<http://www.w3.org/2002/07/owl#NamedIndividual>
"quantity_rapid_acting_onset_low"	<http://www.w3.org/2002/07/owl#NamedIndividual>
"quantity_rapid_acting_peak_high"	<http://www.w3.org/2002/07/owl#NamedIndividual>
"quantity_rapid_acting_peak_low"	<http://www.w3.org/2002/07/owl#NamedIndividual>
"quinapril"	<http://www.w3.org/2002/07/owl#Class>
"quinazoline_diuretic_product"	<http://www.w3.org/2002/07/owl#Class>
"quinethazone"	<http://www.w3.org/2002/07/owl#Class>
"r_capsule"	<http://www.w3.org/2002/07/owl#Class>
"ramipril"	<http://www.w3.org/2002/07/owl#Class>
"range_detemir_duration"	<http://www.w3.org/2002/07/owl#NamedIndividual>
"range_detemir_onset"	<http://www.w3.org/2002/07/owl#NamedIndividual>
"range_detemir_peak"	<http://www.w3.org/2002/07/owl#NamedIndividual>
"range_glargine_duration"	<http://www.w3.org/2002/07/owl#NamedIndividual>
"range_glargine_onset"	<http://www.w3.org/2002/07/owl#NamedIndividual>
"range_rapid_acting_duration"	<http://www.w3.org/2002/07/owl#NamedIndividual>
"range_rapid_acting_onset"	<http://www.w3.org/2002/07/owl#NamedIndividual>
"range_rapid_acting_peak"	<http://www.w3.org/2002/07/owl#NamedIndividual>
"ranolazine"	<http://www.w3.org/2002/07/owl#Class>
"rapid_acting_duration_high"	<http://www.w3.org/2002/07/owl#NamedIndividual>
"rapid_acting_duration_low"	<http://www.w3.org/2002/07/owl#NamedIndividual>
"rapid_acting_onset_high"	<http://www.w3.org/2002/07/owl#NamedIndividual>
"rapid_acting_onset_low"	<http://www.w3.org/2002/07/owl#NamedIndividual>
"rapid_acting_peak_high"	<http://www.w3.org/2002/07/owl#NamedIndividual>
"rapid_acting_peak_low"	<http://www.w3.org/2002/07/owl#NamedIndividual>
"rauwolfia_alkaloid"	<http://www.w3.org/2002/07/owl#Class>
"rectal_form_aminophylline"	<http://www.w3.org/2002/07/owl#Class>
"rectal_form_glyceryl_trinitrate"	<http://www.w3.org/2002/07/owl#Class>
"regular"	<http://www.w3.org/2002/07/owl#Class>
"renin_inhibitor"	<http://www.w3.org/2002/07/owl#Class>
"reserpine"	<http://www.w3.org/2002/07/owl#Class>
"saluretic_drug"	<http://www.w3.org/2002/07/owl#Class>
"sitaxentan"	<http://www.w3.org/2002/07/owl#Class>
"sodium_nitroprusside"	<http://www.w3.org/2002/07/owl#Class>
"spironolactone"	<http://www.w3.org/2002/07/owl#Class>
"steatosis_of_liver"	<http://www.w3.org/2002/07/owl#NamedIndividual>
"sterile_pyuria"	<http://www.w3.org/2002/07/owl#Class>
"subacute_osteomyelitis"	<http://www.w3.org/2002/07/owl#Class>
"sulfinpyrazone"	<http://www.w3.org/2002/07/owl#Class>
"tacrolimus"	<http://www.w3.org/2002/07/owl#NamedIndividual>
"theophylline"	<http://www.w3.org/2002/07/owl#Class>
"thiazide_diuretic"	<http://www.w3.org/2002/07/owl#Class>
"tiotropium"	<http://www.w3.org/2002/07/owl#Class>
"tolterodine"	<http://www.w3.org/2002/07/owl#Class>
"tolterodine_tartrate"	<http://www.w3.org/2002/07/owl#Class>
"tolvaptan"	<http://www.w3.org/2002/07/owl#Class>
"torsemide"	<http://www.w3.org/2002/07/owl#Class>
"trandolapril"	<http://www.w3.org/2002/07/owl#Class>
"tranquilizer"	<http://www.w3.org/2002/07/owl#Class>
"treprostinil"	<http://www.w3.org/2002/07/owl#Class>
"triamterene"	<http://www.w3.org/2002/07/owl#Class>
"trichlormethiazide"	<http://www.w3.org/2002/07/owl#Class>
"trihexyphenidyl"	<http://www.w3.org/2002/07/owl#Class>
"trimethobenzamide"	<http://www.w3.org/2002/07/owl#Class>
"triprolidine"	<http://www.w3.org/2002/07/owl#Class>
"trospium"	<http://www.w3.org/2002/07/owl#Class>
"twoShotsDaily"	<http://www.w3.org/2002/07/owl#Class>
"type_1_diabetes_codable"	<http://www.w3.org/2002/07/owl#NamedIndividual>
"type_1_diabetes_code"	<http://www.w3.org/2002/07/owl#NamedIndividual>
"type_1_diabetes_coding"	<http://www.w3.org/2002/07/owl#NamedIndividual>
"type_1_diabetes_display"	<http://www.w3.org/2002/07/owl#NamedIndividual>
"type_1_diabetes_mellitus_condition"	<http://www.w3.org/2002/07/owl#NamedIndividual>
"type_1_diabetes_mellitus_disease"	<http://www.w3.org/2002/07/owl#NamedIndividual>
"type_1_diabetes_text"	<http://www.w3.org/2002/07/owl#NamedIndividual>
"unitPerDay"	<http://www.w3.org/2002/07/owl#NamedIndividual>
"units"	<http://www.w3.org/2002/07/owl#NamedIndividual>
"vasodilating_agent"	<http://www.w3.org/2002/07/owl#Class>
"vasodilator_antihypertensive_drugs"	<http://www.w3.org/2002/07/owl#Class>
"weightSensorOutput"	<http://www.w3.org/2002/07/owl#Class>
"when_to_take"	<http://www.w3.org/2002/07/owl#DatatypeProperty>
"xipamide"	<http://www.w3.org/2002/07/owl#Class>
"yohimbine"	<http://www.w3.org/2002/07/owl#Class>
"zofenopril"	<http://www.w3.org/2002/07/owl#Class>
"zofenoprilat"	<http://www.w3.org/2002/07/owl#Class>
