?entity	?type
<http://purl.org/dc/terms/created>	<http://www.w3.org/2002/07/owl#AnnotationProperty>
<http://purl.org/dc/terms/creator>	<http://www.w3.org/2002/07/owl#AnnotationProperty>
<http://purl.org/dc/terms/description>	<http://www.w3.org/2002/07/owl#AnnotationProperty>
<http://purl.org/dc/terms/license>	<http://www.w3.org/2002/07/owl#AnnotationProperty>
<http://purl.org/dc/terms/rights>	<http://www.w3.org/2002/07/owl#AnnotationProperty>
<http://purl.org/dc/terms/title>	<http://www.w3.org/2002/07/owl#AnnotationProperty>
<http://purl.org/vocab/vann/preferredNamespacePrefix>	<http://www.w3.org/2002/07/owl#AnnotationProperty>
<http://purl.org/vocab/vann/preferredNamespaceUri>	<http://www.w3.org/2002/07/owl#AnnotationProperty>
<http://purl.org/vocommons/voaf#Vocabulary>	<http://www.w3.org/2002/07/owl#Class>
<http://www.w3.org/2004/02/skos/core#definition>	<http://www.w3.org/2002/07/owl#AnnotationProperty>
<http://www.w3.org/2004/02/skos/core#example>	<http://www.w3.org/2002/07/owl#AnnotationProperty>
<http://www.w3.org/ns/sosa/Actuation>	<http://www.w3.org/2002/07/owl#Class>
<http://www.w3.org/ns/sosa/Observation>	<http://www.w3.org/2002/07/owl#Class>
<http://www.w3.org/ns/sosa/Sampling>	<http://www.w3.org/2002/07/owl#Class>
<http://www.w3.org/ns/sosa/hasSample>	<http://www.w3.org/2002/07/owl#ObjectProperty>
<http://www.w3.org/ns/ssn/>	<http://www.w3.org/2002/07/owl#NamedIndividual>
<http://www.w3.org/ns/ssn/Deployment>	<http://www.w3.org/2002/07/owl#Class>
<http://www.w3.org/ns/ssn/Input>	<http://www.w3.org/2002/07/owl#Class>
<http://www.w3.org/ns/ssn/Output>	<http://www.w3.org/2002/07/owl#Class>
<http://www.w3.org/ns/ssn/Property>	<http://www.w3.org/2002/07/owl#Class>
<http://www.w3.org/ns/ssn/Stimulus>	<http://www.w3.org/2002/07/owl#Class>
<http://www.w3.org/ns/ssn/System>	<http://www.w3.org/2002/07/owl#Class>
<http://www.w3.org/ns/ssn/deployedOnPlatform>	<http://www.w3.org/2002/07/owl#ObjectProperty>
<http://www.w3.org/ns/ssn/deployedSystem>	<http://www.w3.org/2002/07/owl#ObjectProperty>
<http://www.w3.org/ns/ssn/detects>	<http://www.w3.org/2002/07/owl#ObjectProperty>
<http://www.w3.org/ns/ssn/forProperty>	<http://www.w3.org/2002/07/owl#ObjectProperty>
<http://www.w3.org/ns/ssn/hasDeployment>	<http://www.w3.org/2002/07/owl#ObjectProperty>
<http://www.w3.org/ns/ssn/hasInput>	<http://www.w3.org/2002/07/owl#ObjectProperty>
<http://www.w3.org/ns/ssn/hasOutput>	<http://www.w3.org/2002/07/owl#ObjectProperty>
<http://www.w3.org/ns/ssn/hasProperty>	<http://www.w3.org/2002/07/owl#ObjectProperty>
<http://www.w3.org/ns/ssn/hasSubSystem>	<http://www.w3.org/2002/07/owl#ObjectProperty>
<http://www.w3.org/ns/ssn/implementedBy>	<http://www.w3.org/2002/07/owl#ObjectProperty>
<http://www.w3.org/ns/ssn/implements>	<http://www.w3.org/2002/07/owl#ObjectProperty>
<http://www.w3.org/ns/ssn/inDeployment>	<http://www.w3.org/2002/07/owl#ObjectProperty>
<http://www.w3.org/ns/ssn/isPropertyOf>	<http://www.w3.org/2002/07/owl#ObjectProperty>
<http://www.w3.org/ns/ssn/isProxyFor>	<http://www.w3.org/2002/07/owl#ObjectProperty>
<http://www.w3.org/ns/ssn/wasOriginatedBy>	<http://www.w3.org/2002/07/owl#ObjectProperty>
<http://xmlns.com/foaf/0.1/Agent>	<http://www.w3.org/2002/07/owl#Class>
<http://xmlns.com/foaf/0.1/name>	<http://www.w3.org/2002/07/owl#AnnotationProperty>
