property,property_type,is_fasto_native,domain_count,range_count,missing_domain,missing_range
https://bioportal.bioontology.org/ontologies/FASTO/otherProperties,DatatypeProperty,True,0,0,True,True
http://hl7.org/fhir/FHIRProperty,DatatypeProperty,False,0,0,True,True
http://www.w3.org/ns/ssn/FASTOOntologyProperty,DatatypeProperty,False,0,0,True,True
http://www.w3.org/ns/ssn/sensorRelatedProperty,DatatypeProperty,False,0,0,True,True
https://bioportal.bioontology.org/ontologies/FTDM.owl#TIME:0000005,DatatypeProperty,False,0,0,True,True
http://purl.obolibrary.org/obo/DDO.owl#DDO_0000134,DatatypeProperty,False,0,1,True,False
http://purl.obolibrary.org/obo/DDO.owl#DDO_0000138,DatatypeProperty,False,0,1,True,False
http://purl.obolibrary.org/obo/DDO.owl#has_synonym,DatatypeProperty,False,0,1,True,False
https://bioportal.bioontology.org/ontologies/FTDM.owl#DMTO_0001820,DatatypeProperty,False,0,1,True,False
https://bioportal.bioontology.org/ontologies/FTDM.owl#DMTO_0001825,DatatypeProperty,False,0,1,True,False
https://bioportal.bioontology.org/ontologies/FTDM.owl#DMTO_0001850,DatatypeProperty,False,0,1,True,False
https://bioportal.bioontology.org/ontologies/FTDM.owl#DMTO_0002098,DatatypeProperty,False,0,1,True,False
https://bioportal.bioontology.org/ontologies/FTDM.owl#DMTO_0002099,DatatypeProperty,False,0,1,True,False
https://bioportal.bioontology.org/ontologies/FTDM.owl#DMTO_0002116,DatatypeProperty,False,0,1,True,False
https://bioportal.bioontology.org/ontologies/FTDM.owl#DMTO_0002117,DatatypeProperty,False,0,1,True,False
https://bioportal.bioontology.org/ontologies/FTDM.owl#DMTO_0002118,DatatypeProperty,False,0,1,True,False
https://bioportal.bioontology.org/ontologies/FTDM.owl#DMTO_0002119,DatatypeProperty,False,0,1,True,False
https://bioportal.bioontology.org/ontologies/FTDM.owl#DMTO_0002120,DatatypeProperty,False,0,1,True,False
https://bioportal.bioontology.org/ontologies/FTDM.owl#DMTO_0002121,DatatypeProperty,False,0,1,True,False
https://bioportal.bioontology.org/ontologies/FTDM.owl#DMTO_0002122,DatatypeProperty,False,0,1,True,False
https://bioportal.bioontology.org/ontologies/FTDM.owl#DMTO_0002123,DatatypeProperty,False,0,1,True,False
https://bioportal.bioontology.org/ontologies/FTDM.owl#DMTO_0002124,DatatypeProperty,False,0,1,True,False
https://bioportal.bioontology.org/ontologies/FTDM.owl#DMTO_0002135,DatatypeProperty,False,0,1,True,False
https://bioportal.bioontology.org/ontologies/FTDM.owl#DMTO_0002156,DatatypeProperty,False,0,1,True,False
https://bioportal.bioontology.org/ontologies/FTDM.owl#DMTO_0002157,DatatypeProperty,False,0,1,True,False
https://bioportal.bioontology.org/ontologies/FTDM.owl#DMTO_0002158,DatatypeProperty,False,0,1,True,False
https://bioportal.bioontology.org/ontologies/FTDM.owl#DMTO_0002185,DatatypeProperty,False,0,1,True,False
https://bioportal.bioontology.org/ontologies/FTDM.owl#DMTO_0002186,DatatypeProperty,False,0,1,True,False
https://bioportal.bioontology.org/ontologies/FTDM.owl#DMTO_0002206,DatatypeProperty,False,0,1,True,False
https://bioportal.bioontology.org/ontologies/FTDM.owl#DMTO_0002215,DatatypeProperty,False,0,1,True,False
https://bioportal.bioontology.org/ontologies/FTDM.owl#DMTO_0002216,DatatypeProperty,False,0,1,True,False
https://bioportal.bioontology.org/ontologies/FTDM.owl#DMTO_0002217,DatatypeProperty,False,0,1,True,False
https://bioportal.bioontology.org/ontologies/FTDM.owl#hasTotalCarbsInGrams,DatatypeProperty,False,0,1,True,False
https://bioportal.bioontology.org/ontologies/FTDM.owl#DMTO_0000035,DatatypeProperty,False,1,0,False,True
https://bioportal.bioontology.org/ontologies/FTDM.owl#DMTO_0000036,DatatypeProperty,False,1,0,False,True
https://bioportal.bioontology.org/ontologies/FTDM.owl#DMTO_0000037,DatatypeProperty,False,1,0,False,True
http://hl7.org/fhir/FHIR_Property,ObjectProperty,False,0,0,True,True
http://hl7.org/fhir/produces,ObjectProperty,False,0,0,True,True
http://purl.obolibrary.org/obo/DDO.owl#DDO_0009982,ObjectProperty,False,0,0,True,True
http://purl.obolibrary.org/obo/DDO.owl#DDO_0009988,ObjectProperty,False,0,0,True,True
http://purl.obolibrary.org/obo/DDO.owl#DDO_0009989,ObjectProperty,False,0,0,True,True
http://purl.obolibrary.org/obo/DDO.owl#DDO_0009997,ObjectProperty,False,0,0,True,True
http://purl.obolibrary.org/obo/DDO.owl#RO_0000052,ObjectProperty,False,0,0,True,True
http://purl.obolibrary.org/obo/DDO.owl#RO_0000053,ObjectProperty,False,0,0,True,True
http://purl.obolibrary.org/obo/DDO.owl#RO_0000085,ObjectProperty,False,0,0,True,True
http://purl.obolibrary.org/obo/DDO.owl#RO_0002200,ObjectProperty,False,0,0,True,True
http://purl.obolibrary.org/obo/DDO.owl#RO_0002201,ObjectProperty,False,0,0,True,True
http://purl.obolibrary.org/obo/DDO.owl#RO_0002314,ObjectProperty,False,0,0,True,True
http://purl.obolibrary.org/obo/DDO.owl#RO_0002502,ObjectProperty,False,0,0,True,True
http://purl.obolibrary.org/obo/RO_0000079,ObjectProperty,False,0,0,True,True
http://purl.obolibrary.org/obo/RO_0000080,ObjectProperty,False,0,0,True,True
http://purl.obolibrary.org/obo/RO_0000081,ObjectProperty,False,0,0,True,True
http://purl.obolibrary.org/obo/RO_0000092,ObjectProperty,False,0,0,True,True
http://www.w3.org/ns/ssn/attachedSystem,ObjectProperty,False,0,0,True,True
http://www.w3.org/ns/ssn/hasDeployment,ObjectProperty,False,0,0,True,True
http://www.w3.org/ns/ssn/inCondition,ObjectProperty,False,0,0,True,True
http://www.w3.org/ns/ssn/isLocationOf,ObjectProperty,False,0,0,True,True
http://www.w3.org/ns/ssn/isObservedBy,ObjectProperty,False,0,0,True,True
http://www.w3.org/ns/ssn/sensor_related_property,ObjectProperty,False,0,0,True,True
https://bioportal.bioontology.org/ontologies/FTDM.owl#DMTO_0000031,ObjectProperty,False,0,0,True,True
https://bioportal.bioontology.org/ontologies/FTDM.owl#DMTO_0000032,ObjectProperty,False,0,0,True,True
https://bioportal.bioontology.org/ontologies/FTDM.owl#DMTO_0001668,ObjectProperty,False,0,0,True,True
https://bioportal.bioontology.org/ontologies/FTDM.owl#FASTOOntologyProperty,ObjectProperty,False,0,0,True,True
https://bioportal.bioontology.org/ontologies/FTDM.owl#TIME:0000004,ObjectProperty,False,0,0,True,True
https://bioportal.bioontology.org/ontologies/FTDM/hasFixedTwoshotsMorningShortActingInsulin,ObjectProperty,False,0,0,True,True
http://purl.obolibrary.org/obo/DDO.owl#RO_0000087,ObjectProperty,False,0,1,True,False
https://bioportal.bioontology.org/ontologies/FTDM.owl#has_insulin_regimen,ObjectProperty,False,0,1,True,False
http://purl.obolibrary.org/obo/DDO.owl#DDO_0009987,ObjectProperty,False,1,0,False,True
