metric	metric_value	metric_type
abox_axiom_count	1029	single_value
abox_axiom_count_incl	1029	single_value
abox_nominals	false	single_value
abox_nominals_incl	false	single_value
annotation_property_count	127	single_value
annotation_property_count_incl	127	single_value
assert_n_subclass_avg	1.0239114545264696	single_value
assert_n_subclass_avg_incl	1.0239114545264696	single_value
assert_n_superclass_avg	1.024015871358463	single_value
assert_n_superclass_avg_incl	1.024015871358463	single_value
ax_complexrhs_count	218	single_value
ax_complexrhs_count_incl	218	single_value
axiom_count	59976	single_value
axiom_count_incl	59976	single_value
axiom_length_max	197	single_value
axiom_length_max_incl	197	single_value
axiom_type_count	AnnotationAssertion 35335	map_value
axiom_type_count	AnnotationPropertyDomain 1	map_value
axiom_type_count	ClassAssertion 457	map_value
axiom_type_count	DataPropertyAssertion 228	map_value
axiom_type_count	DataPropertyDomain 130	map_value
axiom_type_count	DataPropertyRange 155	map_value
axiom_type_count	Declaration 10992	map_value
axiom_type_count	DifferentIndividuals 3	map_value
axiom_type_count	DisjointClasses 49	map_value
axiom_type_count	EquivalentClasses 7	map_value
axiom_type_count	FunctionalDataProperty 5	map_value
axiom_type_count	FunctionalObjectProperty 9	map_value
axiom_type_count	InverseObjectProperties 21	map_value
axiom_type_count	ObjectPropertyAssertion 341	map_value
axiom_type_count	ObjectPropertyDomain 627	map_value
axiom_type_count	ObjectPropertyRange 628	map_value
axiom_type_count	Rule 140	map_value
axiom_type_count	SubAnnotationPropertyOf 11	map_value
axiom_type_count	SubClassOf 10024	map_value
axiom_type_count	SubDataPropertyOf 159	map_value
axiom_type_count	SubObjectPropertyOf 649	map_value
axiom_type_count	SymmetricObjectProperty 2	map_value
axiom_type_count	TransitiveObjectProperty 3	map_value
axiom_type_count_incl	AnnotationAssertion 35335	map_value
axiom_type_count_incl	AnnotationPropertyDomain 1	map_value
axiom_type_count_incl	ClassAssertion 457	map_value
axiom_type_count_incl	DataPropertyAssertion 228	map_value
axiom_type_count_incl	DataPropertyDomain 130	map_value
axiom_type_count_incl	DataPropertyRange 155	map_value
axiom_type_count_incl	Declaration 10992	map_value
axiom_type_count_incl	DifferentIndividuals 3	map_value
axiom_type_count_incl	DisjointClasses 49	map_value
axiom_type_count_incl	EquivalentClasses 7	map_value
axiom_type_count_incl	FunctionalDataProperty 5	map_value
axiom_type_count_incl	FunctionalObjectProperty 9	map_value
axiom_type_count_incl	InverseObjectProperties 21	map_value
axiom_type_count_incl	ObjectPropertyAssertion 341	map_value
axiom_type_count_incl	ObjectPropertyDomain 627	map_value
axiom_type_count_incl	ObjectPropertyRange 628	map_value
axiom_type_count_incl	Rule 140	map_value
axiom_type_count_incl	SubAnnotationPropertyOf 11	map_value
axiom_type_count_incl	SubClassOf 10024	map_value
axiom_type_count_incl	SubDataPropertyOf 159	map_value
axiom_type_count_incl	SubObjectPropertyOf 649	map_value
axiom_type_count_incl	SymmetricObjectProperty 2	map_value
axiom_type_count_incl	TransitiveObjectProperty 3	map_value
axiom_types	AnnotationAssertion	list_value
axiom_types	AnnotationPropertyDomain	list_value
axiom_types	ClassAssertion	list_value
axiom_types	DataPropertyAssertion	list_value
axiom_types	DataPropertyDomain	list_value
axiom_types	DataPropertyRange	list_value
axiom_types	Declaration	list_value
axiom_types	DifferentIndividuals	list_value
axiom_types	DisjointClasses	list_value
axiom_types	EquivalentClasses	list_value
axiom_types	FunctionalDataProperty	list_value
axiom_types	FunctionalObjectProperty	list_value
axiom_types	InverseObjectProperties	list_value
axiom_types	ObjectPropertyAssertion	list_value
axiom_types	ObjectPropertyDomain	list_value
axiom_types	ObjectPropertyRange	list_value
axiom_types	Rule	list_value
axiom_types	SubAnnotationPropertyOf	list_value
axiom_types	SubClassOf	list_value
axiom_types	SubDataPropertyOf	list_value
axiom_types	SubObjectPropertyOf	list_value
axiom_types	SymmetricObjectProperty	list_value
axiom_types	TransitiveObjectProperty	list_value
axiom_types_incl	AnnotationAssertion	list_value
axiom_types_incl	AnnotationPropertyDomain	list_value
axiom_types_incl	ClassAssertion	list_value
axiom_types_incl	DataPropertyAssertion	list_value
axiom_types_incl	DataPropertyDomain	list_value
axiom_types_incl	DataPropertyRange	list_value
axiom_types_incl	Declaration	list_value
axiom_types_incl	DifferentIndividuals	list_value
axiom_types_incl	DisjointClasses	list_value
axiom_types_incl	EquivalentClasses	list_value
axiom_types_incl	FunctionalDataProperty	list_value
axiom_types_incl	FunctionalObjectProperty	list_value
axiom_types_incl	InverseObjectProperties	list_value
axiom_types_incl	ObjectPropertyAssertion	list_value
axiom_types_incl	ObjectPropertyDomain	list_value
axiom_types_incl	ObjectPropertyRange	list_value
axiom_types_incl	Rule	list_value
axiom_types_incl	SubAnnotationPropertyOf	list_value
axiom_types_incl	SubClassOf	list_value
axiom_types_incl	SubDataPropertyOf	list_value
axiom_types_incl	SubObjectPropertyOf	list_value
axiom_types_incl	SymmetricObjectProperty	list_value
axiom_types_incl	TransitiveObjectProperty	list_value
certain_cycle	true	single_value
certain_cycle_incl	true	single_value
class_count	9577	single_value
class_count_incl	9577	single_value
class_expression_count	Class 33634	map_value
class_expression_count	DataAllValuesFrom 31	map_value
class_expression_count	DataExactCardinality 11	map_value
class_expression_count	DataMaxCardinality 14	map_value
class_expression_count	DataMinCardinality 2	map_value
class_expression_count	DataSomeValuesFrom 54	map_value
class_expression_count	ObjectAllValuesFrom 510	map_value
class_expression_count	ObjectComplementOf 6	map_value
class_expression_count	ObjectExactCardinality 11	map_value
class_expression_count	ObjectHasValue 22	map_value
class_expression_count	ObjectIntersectionOf 122	map_value
class_expression_count	ObjectMaxCardinality 6	map_value
class_expression_count	ObjectMinCardinality 1	map_value
class_expression_count	ObjectSomeValuesFrom 841	map_value
class_expression_count	ObjectUnionOf 84	map_value
class_expression_count_incl	Class 33634	map_value
class_expression_count_incl	DataAllValuesFrom 31	map_value
class_expression_count_incl	DataExactCardinality 11	map_value
class_expression_count_incl	DataMaxCardinality 14	map_value
class_expression_count_incl	DataMinCardinality 2	map_value
class_expression_count_incl	DataSomeValuesFrom 54	map_value
class_expression_count_incl	ObjectAllValuesFrom 510	map_value
class_expression_count_incl	ObjectComplementOf 6	map_value
class_expression_count_incl	ObjectExactCardinality 11	map_value
class_expression_count_incl	ObjectHasValue 22	map_value
class_expression_count_incl	ObjectIntersectionOf 122	map_value
class_expression_count_incl	ObjectMaxCardinality 6	map_value
class_expression_count_incl	ObjectMinCardinality 1	map_value
class_expression_count_incl	ObjectSomeValuesFrom 841	map_value
class_expression_count_incl	ObjectUnionOf 84	map_value
class_sgl_subcl_count	877	single_value
class_sgl_subcl_count_incl	877	single_value
constructs	CONCEPT_COMPLEX_NEGATION	list_value
constructs	CONCEPT_INTERSECTION	list_value
constructs	CONCEPT_UNION	list_value
constructs	D	list_value
constructs	FULL_EXISTENTIAL	list_value
constructs	NOMINALS	list_value
constructs	Q	list_value
constructs	ROLE_DOMAIN_RANGE	list_value
constructs	ROLE_HIERARCHY	list_value
constructs	ROLE_INVERSE	list_value
constructs	ROLE_TRANSITIVE	list_value
constructs	UNIVERSAL_RESTRICTION	list_value
constructs_incl	CONCEPT_COMPLEX_NEGATION	list_value
constructs_incl	CONCEPT_INTERSECTION	list_value
constructs_incl	CONCEPT_UNION	list_value
constructs_incl	D	list_value
constructs_incl	FULL_EXISTENTIAL	list_value
constructs_incl	NOMINALS	list_value
constructs_incl	Q	list_value
constructs_incl	ROLE_DOMAIN_RANGE	list_value
constructs_incl	ROLE_HIERARCHY	list_value
constructs_incl	ROLE_INVERSE	list_value
constructs_incl	ROLE_TRANSITIVE	list_value
constructs_incl	UNIVERSAL_RESTRICTION	list_value
curie_map	BFO http://purl.obolibrary.org/obo/BFO_	map_value
curie_map	DOID http://purl.obolibrary.org/obo/DOID_	map_value
curie_map	IAO http://purl.obolibrary.org/obo/IAO_	map_value
curie_map	OAE http://purl.obolibrary.org/obo/OAE_	map_value
curie_map	OBI http://purl.obolibrary.org/obo/OBI_	map_value
curie_map	OGMS http://purl.obolibrary.org/obo/OGMS_	map_value
curie_map	RO http://purl.obolibrary.org/obo/RO_	map_value
curie_map	SYMP http://purl.obolibrary.org/obo/SYMP_	map_value
curie_map	dc11 http://purl.org/dc/elements/1.1/	map_value
curie_map	foaf http://xmlns.com/foaf/0.1/	map_value
curie_map	obo http://purl.obolibrary.org/obo/	map_value
curie_map	oboInOwl http://www.geneontology.org/formats/oboInOwl#	map_value
curie_map	owl http://www.w3.org/2002/07/owl#	map_value
curie_map	rdf http://www.w3.org/1999/02/22-rdf-syntax-ns#	map_value
curie_map	rdfs http://www.w3.org/2000/01/rdf-schema#	map_value
curie_map	skos http://www.w3.org/2004/02/skos/core#	map_value
curie_map	xsd http://www.w3.org/2001/XMLSchema#	map_value
dataproperty_count	164	single_value
dataproperty_count_incl	164	single_value
datatypes_axiom_count	RDFS_LITERAL 3	map_value
datatypes_axiom_count	RDF_PLAIN_LITERAL 284	map_value
datatypes_axiom_count	XSD_ANY_URI 4	map_value
datatypes_axiom_count	XSD_BASE_64_BINARY 1	map_value
datatypes_axiom_count	XSD_BOOLEAN 52	map_value
datatypes_axiom_count	XSD_DATE_TIME 8	map_value
datatypes_axiom_count	XSD_DECIMAL 41	map_value
datatypes_axiom_count	XSD_DOUBLE 70	map_value
datatypes_axiom_count	XSD_FLOAT 12	map_value
datatypes_axiom_count	XSD_INTEGER 102	map_value
datatypes_axiom_count	XSD_NON_NEGATIVE_INTEGER 2	map_value
datatypes_axiom_count	XSD_STRING 34	map_value
datatypes_axiom_count	XSD_TOKEN 1	map_value
datatypes_axiom_count	XSD_UNSIGNED_INT 1	map_value
datatypes_axiom_count	xsd:date 18	map_value
datatypes_axiom_count	xsd:gDay 2	map_value
datatypes_axiom_count_incl	RDFS_LITERAL 3	map_value
datatypes_axiom_count_incl	RDF_PLAIN_LITERAL 284	map_value
datatypes_axiom_count_incl	XSD_ANY_URI 4	map_value
datatypes_axiom_count_incl	XSD_BASE_64_BINARY 1	map_value
datatypes_axiom_count_incl	XSD_BOOLEAN 52	map_value
datatypes_axiom_count_incl	XSD_DATE_TIME 8	map_value
datatypes_axiom_count_incl	XSD_DECIMAL 41	map_value
datatypes_axiom_count_incl	XSD_DOUBLE 70	map_value
datatypes_axiom_count_incl	XSD_FLOAT 12	map_value
datatypes_axiom_count_incl	XSD_INTEGER 102	map_value
datatypes_axiom_count_incl	XSD_NON_NEGATIVE_INTEGER 2	map_value
datatypes_axiom_count_incl	XSD_STRING 34	map_value
datatypes_axiom_count_incl	XSD_TOKEN 1	map_value
datatypes_axiom_count_incl	XSD_UNSIGNED_INT 1	map_value
datatypes_axiom_count_incl	xsd:date 18	map_value
datatypes_axiom_count_incl	xsd:gDay 2	map_value
datatypes_builtin	RDFS_LITERAL	list_value
datatypes_builtin	RDF_PLAIN_LITERAL	list_value
datatypes_builtin	XSD_ANY_URI	list_value
datatypes_builtin	XSD_BASE_64_BINARY	list_value
datatypes_builtin	XSD_BOOLEAN	list_value
datatypes_builtin	XSD_DATE_TIME	list_value
datatypes_builtin	XSD_DECIMAL	list_value
datatypes_builtin	XSD_DOUBLE	list_value
datatypes_builtin	XSD_FLOAT	list_value
datatypes_builtin	XSD_INTEGER	list_value
datatypes_builtin	XSD_NON_NEGATIVE_INTEGER	list_value
datatypes_builtin	XSD_STRING	list_value
datatypes_builtin	XSD_TOKEN	list_value
datatypes_builtin	XSD_UNSIGNED_INT	list_value
datatypes_builtin_incl	RDFS_LITERAL	list_value
datatypes_builtin_incl	RDF_PLAIN_LITERAL	list_value
datatypes_builtin_incl	XSD_ANY_URI	list_value
datatypes_builtin_incl	XSD_BASE_64_BINARY	list_value
datatypes_builtin_incl	XSD_BOOLEAN	list_value
datatypes_builtin_incl	XSD_DATE_TIME	list_value
datatypes_builtin_incl	XSD_DECIMAL	list_value
datatypes_builtin_incl	XSD_DOUBLE	list_value
datatypes_builtin_incl	XSD_FLOAT	list_value
datatypes_builtin_incl	XSD_INTEGER	list_value
datatypes_builtin_incl	XSD_NON_NEGATIVE_INTEGER	list_value
datatypes_builtin_incl	XSD_STRING	list_value
datatypes_builtin_incl	XSD_TOKEN	list_value
datatypes_builtin_incl	XSD_UNSIGNED_INT	list_value
datatypes_count	16	single_value
datatypes_count_incl	16	single_value
datatypes_not_built_in	xsd:date	list_value
datatypes_not_built_in	xsd:gDay	list_value
datatypes_not_built_in_incl	xsd:date	list_value
datatypes_not_built_in_incl	xsd:gDay	list_value
dt_builtin_count	14	single_value
dt_builtin_count_incl	14	single_value
dt_notbuiltin_count	2	single_value
dt_notbuiltin_count_incl	2	single_value
expressivity	RRESTRCUCINTUNIVRESTREH+OIQ(D)	single_value
expressivity_incl	RRESTRCUCINTUNIVRESTREH+OIQ(D)	single_value
gci_count	0	single_value
gci_count_incl	0	single_value
gci_hidden_count	7	single_value
gci_hidden_count_incl	7	single_value
individual_count	460	single_value
individual_count_incl	460	single_value
instance_per_class_avg	0.04771849222094602	single_value
instance_per_class_avg_incl	0.04771849222094602	single_value
logical_axiom_count	13497	single_value
logical_axiom_count_incl	13497	single_value
most_freq_concept	https://bioportal.bioontology.org/ontologies/FTDM.owl#DMTO_0000044	single_value
most_freq_concept_incl	https://bioportal.bioontology.org/ontologies/FTDM.owl#DMTO_0000044	single_value
multiple_inheritance_count	4	single_value
multiple_inheritance_count_incl	4	single_value
named_supercl_count_max	3	single_value
named_supercl_count_max_incl	3	single_value
namespace_axiom_count	BFO 283	map_value
namespace_axiom_count	DOID 14	map_value
namespace_axiom_count	IAO 7206	map_value
namespace_axiom_count	OAE 8266	map_value
namespace_axiom_count	OBI 11	map_value
namespace_axiom_count	OGMS 196	map_value
namespace_axiom_count	RO 29	map_value
namespace_axiom_count	SYMP 23	map_value
namespace_axiom_count	dc11 123	map_value
namespace_axiom_count	foaf 5	map_value
namespace_axiom_count	obo 21126	map_value
namespace_axiom_count	oboInOwl 2274	map_value
namespace_axiom_count	owl 9	map_value
namespace_axiom_count	prefix_unknown 25575	map_value
namespace_axiom_count	rdf 284	map_value
namespace_axiom_count	rdfs 12767	map_value
namespace_axiom_count	skos 44	map_value
namespace_axiom_count	xsd 348	map_value
namespace_axiom_count_incl	BFO 283	map_value
namespace_axiom_count_incl	DOID 14	map_value
namespace_axiom_count_incl	IAO 7206	map_value
namespace_axiom_count_incl	OAE 8266	map_value
namespace_axiom_count_incl	OBI 11	map_value
namespace_axiom_count_incl	OGMS 196	map_value
namespace_axiom_count_incl	RO 29	map_value
namespace_axiom_count_incl	SYMP 23	map_value
namespace_axiom_count_incl	dc11 123	map_value
namespace_axiom_count_incl	foaf 5	map_value
namespace_axiom_count_incl	obo 21126	map_value
namespace_axiom_count_incl	oboInOwl 2274	map_value
namespace_axiom_count_incl	owl 9	map_value
namespace_axiom_count_incl	prefix_unknown 25575	map_value
namespace_axiom_count_incl	rdf 284	map_value
namespace_axiom_count_incl	rdfs 12767	map_value
namespace_axiom_count_incl	skos 44	map_value
namespace_axiom_count_incl	xsd 348	map_value
namespace_entity_count	BFO 37	map_value
namespace_entity_count	DOID 6	map_value
namespace_entity_count	IAO 37	map_value
namespace_entity_count	OAE 2371	map_value
namespace_entity_count	OBI 3	map_value
namespace_entity_count	OGMS 59	map_value
namespace_entity_count	RO 5	map_value
namespace_entity_count	SYMP 8	map_value
namespace_entity_count	dc11 17	map_value
namespace_entity_count	foaf 2	map_value
namespace_entity_count	obo 5118	map_value
namespace_entity_count	oboInOwl 13	map_value
namespace_entity_count	owl 5	map_value
namespace_entity_count	prefix_unknown 3291	map_value
namespace_entity_count	rdf 1	map_value
namespace_entity_count	rdfs 5	map_value
namespace_entity_count	skos 10	map_value
namespace_entity_count	xsd 14	map_value
namespace_entity_count_incl	BFO 37	map_value
namespace_entity_count_incl	DOID 6	map_value
namespace_entity_count_incl	IAO 37	map_value
namespace_entity_count_incl	OAE 2371	map_value
namespace_entity_count_incl	OBI 3	map_value
namespace_entity_count_incl	OGMS 59	map_value
namespace_entity_count_incl	RO 5	map_value
namespace_entity_count_incl	SYMP 8	map_value
namespace_entity_count_incl	dc11 17	map_value
namespace_entity_count_incl	foaf 2	map_value
namespace_entity_count_incl	obo 5118	map_value
namespace_entity_count_incl	oboInOwl 13	map_value
namespace_entity_count_incl	owl 5	map_value
namespace_entity_count_incl	prefix_unknown 3291	map_value
namespace_entity_count_incl	rdf 1	map_value
namespace_entity_count_incl	rdfs 5	map_value
namespace_entity_count_incl	skos 10	map_value
namespace_entity_count_incl	xsd 14	map_value
obj_property_count	658	single_value
obj_property_count_incl	658	single_value
ontology_anno_count	6	single_value
ontology_iri	https://bioportal.bioontology.org/ontologies/FASTO.owl	single_value
ontology_version_iri	https://bioportal.bioontology.org/ontologies/FASTO.owl/1.0	single_value
owl2	false	single_value
owl2_dl	false	single_value
owl2_el	false	single_value
owl2_ql	false	single_value
owl2_rl	false	single_value
owl2dl_profile_violation	UseOfDefinedDatatypeInLiteral 8	map_value
rbox_axiom_count	834	single_value
rbox_axiom_count_incl	834	single_value
rdfs	false	single_value
rule_count	0	single_value
rule_count_incl	0	single_value
signature_entity_count	11002	single_value
signature_entity_count_incl	11002	single_value
syntax	RDF/XML Syntax	single_value
tautology_count	3	single_value
tautology_count_incl	3	single_value
tbox_axiom_count	11634	single_value
tbox_axiom_count_incl	11634	single_value
tbox_nominals	true	single_value
tbox_nominals_incl	true	single_value
tboxrbox_axiom_count	12468	single_value
tboxrbox_axiom_count_incl	12468	single_value
undecl_entity_count	10	single_value
undecl_entity_count_incl	10	single_value
