?namespace	?entityCount
"http://purl.obolibrary.org/obo/DDO.owl#"	5091
"http://purl.obolibrary.org/obo/"	2550
"https://bioportal.bioontology.org/ontologies/FTDM.owl#"	1674
"http://hl7.org/fhir/"	608
"https://bioportal.bioontology.org/ontologies/FASTO/"	305
"https://bioportal.bioontology.org/ontologies/FTDM/"	270
"http://www.owl-ontologies.com/OntoFood.owl#"	135
"http://www.w3.org/ns/ssn/"	128
"http://unitsofmeasure.org/"	40
"http://swrl.stanford.edu/ontologies/built-ins/3.3/temporal.owl#"	38
"https://bioportal.bioontology.org/ontologies/fhir.owl#"	23
"http://purl.org/dc/elements/1.1/"	17
"http://www.co-ode.org/ontologies/ont.owl#"	17
"http://purl.obolibrary.org/obo#"	16
"http://www.geneontology.org/formats/oboInOwl#"	13
"http://www.w3.org/2004/02/skos/core#"	10
"http://attempto.ifi.uzh.ch/ace_lexicon#"	5
"http://www.w3.org/2000/01/rdf-schema#"	4
"http://purl.obolibrary.org/obo/uberon#"	3
"http://www.w3.org/2002/07/owl#"	3
"http://data.bioontology.org/metadata/"	2
"http://xmlns.com/foaf/0.1/"	2
"https://bioportal.bioontology.org/ontologies/FTDM.owl#Humalog_Mix_50/"	2
"https://bioportal.bioontology.org/ontologies/FTDM.owl#Humalog_Mix_75/"	2
"https://bioportal.bioontology.org/ontologies/FTDM.owl#NovoLog_Mix_70/"	2
"http://bioontology.org/ontologies/biositemap.owl#"	1
"http://data.bioontology.org/metadata/obo/"	1
"http://protege.stanford.edu/plugins/owl/protege#"	1
"http://purl.obolibrary.org#"	1
"http://swrl.stanford.edu/ontologies/3.3/swrla.owl#"	1
"http://www.w3.org/2006/time#"	1
"https://bioportal.bioontology.org/ontologies/FTDM.owl#HumuLIN_70/"	1
"https://bioportal.bioontology.org/ontologies/FTDM.owl#Humulin_50/"	1
"https://bioportal.bioontology.org/ontologies/FTDM.owl#Humulin_70/"	1
"https://bioportal.bioontology.org/ontologies/FTDM.owl#Novolin_70/"	1
"https://bioportal.bioontology.org/ontologies/FTDM.owl#ReliOn/"	1
"https://bioportal.bioontology.org/ontologies/FTDM.owl#ReliOn/Novolin_70/"	1
"https://bioportal.bioontology.org/ontologies/FTDM.owl#Ryzodeg_70/"	1
"https://bioportal.bioontology.org/ontologies/FTDM.owl#peripheral/"	1
"https://bioportal.bioontology.org/ontologies/FTDM.owl#tolterodine_m/"	1
