?namespace	?classCount
"http://purl.obolibrary.org/obo/DDO.owl#"	5063
"http://purl.obolibrary.org/obo/"	2507
"https://bioportal.bioontology.org/ontologies/FTDM.owl#"	1506
"http://www.owl-ontologies.com/OntoFood.owl#"	135
"http://hl7.org/fhir/"	130
"https://bioportal.bioontology.org/ontologies/FASTO/"	89
"http://www.w3.org/ns/ssn/"	76
"https://bioportal.bioontology.org/ontologies/FTDM/"	22
"http://www.co-ode.org/ontologies/ont.owl#"	16
"https://bioportal.bioontology.org/ontologies/fhir.owl#"	6
"http://www.geneontology.org/formats/oboInOwl#"	5
"http://swrl.stanford.edu/ontologies/built-ins/3.3/temporal.owl#"	4
"https://bioportal.bioontology.org/ontologies/FTDM.owl#Humalog_Mix_50/"	2
"https://bioportal.bioontology.org/ontologies/FTDM.owl#Humalog_Mix_75/"	2
"https://bioportal.bioontology.org/ontologies/FTDM.owl#NovoLog_Mix_70/"	2
"http://unitsofmeasure.org/"	1
"http://www.w3.org/2002/07/owl#"	1
"http://www.w3.org/2006/time#"	1
"https://bioportal.bioontology.org/ontologies/FTDM.owl#HumuLIN_70/"	1
"https://bioportal.bioontology.org/ontologies/FTDM.owl#Humulin_50/"	1
"https://bioportal.bioontology.org/ontologies/FTDM.owl#Humulin_70/"	1
"https://bioportal.bioontology.org/ontologies/FTDM.owl#Novolin_70/"	1
"https://bioportal.bioontology.org/ontologies/FTDM.owl#ReliOn/"	1
"https://bioportal.bioontology.org/ontologies/FTDM.owl#ReliOn/Novolin_70/"	1
"https://bioportal.bioontology.org/ontologies/FTDM.owl#Ryzodeg_70/"	1
"https://bioportal.bioontology.org/ontologies/FTDM.owl#peripheral/"	1
"https://bioportal.bioontology.org/ontologies/FTDM.owl#tolterodine_m/"	1
