?fastoClass	?relation	?externalClass
<https://bioportal.bioontology.org/ontologies/FASTO/acute_infectious_disease>	"FASTO subclass of external"	<http://purl.obolibrary.org/obo/DDO.owl#DDO_0000229>
<https://bioportal.bioontology.org/ontologies/FASTO/aquarobic>	"FASTO subclass of external"	<https://bioportal.bioontology.org/ontologies/FTDM.owl#DMTO_0001829>
<https://bioportal.bioontology.org/ontologies/FASTO/barbell_curl>	"FASTO subclass of external"	<https://bioportal.bioontology.org/ontologies/FTDM.owl#DMTO_0001838>
<https://bioportal.bioontology.org/ontologies/FASTO/basalInsulinAdjustment>	"FASTO subclass of external"	<https://bioportal.bioontology.org/ontologies/FTDM.owl#insulinRelatedFactors>
<https://bioportal.bioontology.org/ontologies/FASTO/bedTimeGlucoseObservationValue>	"FASTO subclass of external"	<https://bioportal.bioontology.org/ontologies/FTDM.owl#glucoseLevelValue>
<https://bioportal.bioontology.org/ontologies/FASTO/bench_Press>	"FASTO subclass of external"	<https://bioportal.bioontology.org/ontologies/FTDM.owl#DMTO_0001838>
<https://bioportal.bioontology.org/ontologies/FASTO/bent_over_row>	"FASTO subclass of external"	<https://bioportal.bioontology.org/ontologies/FTDM.owl#DMTO_0001838>
<https://bioportal.bioontology.org/ontologies/FASTO/boxing>	"FASTO subclass of external"	<https://bioportal.bioontology.org/ontologies/FTDM.owl#DMTO_0001829>
<https://bioportal.bioontology.org/ontologies/FASTO/breakfastGlucoseObservationValue>	"FASTO subclass of external"	<https://bioportal.bioontology.org/ontologies/FTDM.owl#glucoseLevelValue>
<https://bioportal.bioontology.org/ontologies/FASTO/breath_holding>	"FASTO subclass of external"	<https://bioportal.bioontology.org/ontologies/FTDM.owl#DMTO_0001829>
<https://bioportal.bioontology.org/ontologies/FASTO/chin_or_pull_up>	"FASTO subclass of external"	<https://bioportal.bioontology.org/ontologies/FTDM.owl#DMTO_0001838>
<https://bioportal.bioontology.org/ontologies/FASTO/deadlift>	"FASTO subclass of external"	<https://bioportal.bioontology.org/ontologies/FTDM.owl#DMTO_0001838>
<https://bioportal.bioontology.org/ontologies/FASTO/dinnerGlucoseObservationValue>	"FASTO subclass of external"	<https://bioportal.bioontology.org/ontologies/FTDM.owl#glucoseLevelValue>
<https://bioportal.bioontology.org/ontologies/FASTO/disorder_of_pregnancy>	"FASTO subclass of external"	<http://purl.obolibrary.org/obo/DDO.owl#DDO_0000205>
<https://bioportal.bioontology.org/ontologies/FASTO/educationRecord>	"FASTO subclass of external"	<http://hl7.org/fhir/carePlanQuality>
<https://bioportal.bioontology.org/ontologies/FASTO/exerciseGlucoseObservationValue>	"FASTO subclass of external"	<https://bioportal.bioontology.org/ontologies/FTDM.owl#glucoseLevelValue>
<https://bioportal.bioontology.org/ontologies/FASTO/exercisePlan>	"FASTO subclass of external"	<https://bioportal.bioontology.org/ontologies/FTDM.owl#DMTO_0002072>
<https://bioportal.bioontology.org/ontologies/FASTO/exercisePlanComponent>	"FASTO subclass of external"	<http://hl7.org/fhir/carePlanQuality>
<https://bioportal.bioontology.org/ontologies/FASTO/fetal_anemia>	"FASTO subclass of external"	<http://purl.obolibrary.org/obo/DDO.owl#DDO_0002326>
<https://bioportal.bioontology.org/ontologies/FASTO/forbiddenFromExercise>	"FASTO subclass of external"	<http://purl.obolibrary.org/obo/DDO.owl#DDO_0000111>
<https://bioportal.bioontology.org/ontologies/FASTO/heartRateValue>	"FASTO subclass of external"	<http://hl7.org/fhir/vitalSignValue>
<https://bioportal.bioontology.org/ontologies/FASTO/jarring>	"FASTO subclass of external"	<https://bioportal.bioontology.org/ontologies/FTDM.owl#DMTO_0001829>
<https://bioportal.bioontology.org/ontologies/FASTO/lateral_pulldown>	"FASTO subclass of external"	<https://bioportal.bioontology.org/ontologies/FTDM.owl#DMTO_0001838>
<https://bioportal.bioontology.org/ontologies/FASTO/learningCourse>	"FASTO subclass of external"	<http://hl7.org/fhir/carePlanQuality>
<https://bioportal.bioontology.org/ontologies/FASTO/learningStyle>	"FASTO subclass of external"	<http://hl7.org/fhir/carePlanQuality>
<https://bioportal.bioontology.org/ontologies/FASTO/learningTopic>	"FASTO subclass of external"	<http://hl7.org/fhir/carePlanQuality>
<https://bioportal.bioontology.org/ontologies/FASTO/lunchGlucoseObservationValue>	"FASTO subclass of external"	<https://bioportal.bioontology.org/ontologies/FTDM.owl#glucoseLevelValue>
<https://bioportal.bioontology.org/ontologies/FASTO/lunge>	"FASTO subclass of external"	<https://bioportal.bioontology.org/ontologies/FTDM.owl#DMTO_0001838>
<https://bioportal.bioontology.org/ontologies/FASTO/notForbiddenFromExercise>	"FASTO subclass of external"	<http://purl.obolibrary.org/obo/DDO.owl#DDO_0000111>
<https://bioportal.bioontology.org/ontologies/FASTO/patientHasNoRapidActingContradict>	"FASTO subclass of external"	<http://purl.obolibrary.org/obo/DDO.owl#DDO_0000111>
<https://bioportal.bioontology.org/ontologies/FASTO/prerenal_renal_failure>	"FASTO subclass of external"	<http://purl.obolibrary.org/obo/DDO.owl#DDO_0003255>
<https://bioportal.bioontology.org/ontologies/FASTO/push_up>	"FASTO subclass of external"	<https://bioportal.bioontology.org/ontologies/FTDM.owl#DMTO_0001838>
<https://bioportal.bioontology.org/ontologies/FASTO/realTimeMonitoringValue>	"FASTO subclass of external"	<http://hl7.org/fhir/nonSensedObservationValue>
<https://bioportal.bioontology.org/ontologies/FASTO/renal_failure>	"FASTO subclass of external"	<http://purl.obolibrary.org/obo/DDO.owl#DDO_0003255>
<https://bioportal.bioontology.org/ontologies/FASTO/rowing>	"FASTO subclass of external"	<https://bioportal.bioontology.org/ontologies/FTDM.owl#DMTO_0001829>
<https://bioportal.bioontology.org/ontologies/FASTO/severe_obesity>	"FASTO subclass of external"	<http://purl.obolibrary.org/obo/DDO.owl#DDO_0001855>
<https://bioportal.bioontology.org/ontologies/FASTO/squat>	"FASTO subclass of external"	<https://bioportal.bioontology.org/ontologies/FTDM.owl#DMTO_0001838>
<https://bioportal.bioontology.org/ontologies/FASTO/tricep_pushdown>	"FASTO subclass of external"	<https://bioportal.bioontology.org/ontologies/FTDM.owl#DMTO_0001838>
<https://bioportal.bioontology.org/ontologies/FASTO/weight_finding>	"FASTO subclass of external"	<http://purl.obolibrary.org/obo/DDO.owl#DDO_0000200>
