Level	Rule Name	Subject	Property	Value
ERROR	missing_label	https://bioportal.bioontology.org/ontologies/FASTO/CareTeamStatus_active	rdfs:label	
ERROR	missing_label	https://bioportal.bioontology.org/ontologies/FASTO/Meal.correctionInsulinUnits	rdfs:label	
ERROR	missing_label	https://bioportal.bioontology.org/ontologies/FASTO/Meal.insulinUnitsForCarbs	rdfs:label	
ERROR	missing_label	https://bioportal.bioontology.org/ontologies/FASTO/Meal.insulinUnitsForExercise	rdfs:label	
ERROR	missing_label	https://bioportal.bioontology.org/ontologies/FASTO/Meal.totalCalories	rdfs:label	
ERROR	missing_label	https://bioportal.bioontology.org/ontologies/FASTO/Meal.totalCarbsInGrams	rdfs:label	
ERROR	missing_label	https://bioportal.bioontology.org/ontologies/FASTO/Meal.totalInsulin	rdfs:label	
ERROR	missing_label	https://bioportal.bioontology.org/ontologies/FASTO/Nutrient.modifier	rdfs:label	
ERROR	missing_label	https://bioportal.bioontology.org/ontologies/FASTO/NutritionOrder.dailyCalories	rdfs:label	
ERROR	missing_label	https://bioportal.bioontology.org/ontologies/FASTO/NutritionOrder.meal	rdfs:label	
ERROR	missing_label	https://bioportal.bioontology.org/ontologies/FASTO/Patient.communication.language	rdfs:label	
ERROR	missing_label	https://bioportal.bioontology.org/ontologies/FASTO/Patient_1_height_1	rdfs:label	
ERROR	missing_label	https://bioportal.bioontology.org/ontologies/FASTO/acute_Chagas'_disease	rdfs:label	
ERROR	missing_label	https://bioportal.bioontology.org/ontologies/FASTO/acute_amebiasis	rdfs:label	
ERROR	missing_label	https://bioportal.bioontology.org/ontologies/FASTO/acute_amebic_dysentery	rdfs:label	
ERROR	missing_label	https://bioportal.bioontology.org/ontologies/FASTO/acute_amebic_dysentery_without_abscess	rdfs:label	
ERROR	missing_label	https://bioportal.bioontology.org/ontologies/FASTO/acute_and_fulminating_melioidosis	rdfs:label	
ERROR	missing_label	https://bioportal.bioontology.org/ontologies/FASTO/acute_bacterial_paronychia	rdfs:label	
ERROR	missing_label	https://bioportal.bioontology.org/ontologies/FASTO/acute_bacterial_peritonitis	rdfs:label	
ERROR	missing_label	https://bioportal.bioontology.org/ontologies/FASTO/acute_bacterial_sialadenitis	rdfs:label	
ERROR	missing_label	https://bioportal.bioontology.org/ontologies/FASTO/acute_clonorchiasis	rdfs:label	
ERROR	missing_label	https://bioportal.bioontology.org/ontologies/FASTO/acute_infection_of_bone	rdfs:label	
ERROR	missing_label	https://bioportal.bioontology.org/ontologies/FASTO/acute_infectious_disease	rdfs:label	
ERROR	missing_label	https://bioportal.bioontology.org/ontologies/FASTO/acute_osteomyelitis	rdfs:label	
ERROR	missing_label	https://bioportal.bioontology.org/ontologies/FASTO/acute_postoperative_renal_failure	rdfs:label	
ERROR	missing_label	https://bioportal.bioontology.org/ontologies/FASTO/aquarobic	rdfs:label	
ERROR	missing_label	https://bioportal.bioontology.org/ontologies/FASTO/auditory	rdfs:label	
ERROR	missing_label	https://bioportal.bioontology.org/ontologies/FASTO/barbell_curl	rdfs:label	
ERROR	missing_label	https://bioportal.bioontology.org/ontologies/FASTO/basalInsulinAdjustType	rdfs:label	
ERROR	missing_label	https://bioportal.bioontology.org/ontologies/FASTO/basalInsulinAdjustment	rdfs:label	
ERROR	missing_label	https://bioportal.bioontology.org/ontologies/FASTO/bedTimeGlucoseObservationValue	rdfs:label	
ERROR	missing_label	https://bioportal.bioontology.org/ontologies/FASTO/bench_Press	rdfs:label	
ERROR	missing_label	https://bioportal.bioontology.org/ontologies/FASTO/bent_over_row	rdfs:label	
ERROR	missing_label	https://bioportal.bioontology.org/ontologies/FASTO/boolean_true	rdfs:label	
ERROR	missing_label	https://bioportal.bioontology.org/ontologies/FASTO/boxing	rdfs:label	
ERROR	missing_label	https://bioportal.bioontology.org/ontologies/FASTO/breakfastGlucoseObservationValue	rdfs:label	
ERROR	missing_label	https://bioportal.bioontology.org/ontologies/FASTO/breath_holding	rdfs:label	
ERROR	missing_label	https://bioportal.bioontology.org/ontologies/FASTO/carbs_per_unit	rdfs:label	
ERROR	missing_label	https://bioportal.bioontology.org/ontologies/FASTO/carePlan_completed	rdfs:label	
ERROR	missing_label	https://bioportal.bioontology.org/ontologies/FASTO/caseStudy	rdfs:label	
ERROR	missing_label	https://bioportal.bioontology.org/ontologies/FASTO/chart	rdfs:label	
ERROR	missing_label	https://bioportal.bioontology.org/ontologies/FASTO/chin_or_pull_up	rdfs:label	
ERROR	missing_label	https://bioportal.bioontology.org/ontologies/FASTO/chronic_renal_failure	rdfs:label	
ERROR	missing_label	https://bioportal.bioontology.org/ontologies/FASTO/complicationLearningTopic	rdfs:label	
ERROR	missing_label	https://bioportal.bioontology.org/ontologies/FASTO/courseMaterial	rdfs:label	
ERROR	missing_label	https://bioportal.bioontology.org/ontologies/FASTO/coursePeriod	rdfs:label	
ERROR	missing_label	https://bioportal.bioontology.org/ontologies/FASTO/coursePrice	rdfs:label	
ERROR	missing_label	https://bioportal.bioontology.org/ontologies/FASTO/courseReference	rdfs:label	
ERROR	missing_label	https://bioportal.bioontology.org/ontologies/FASTO/courseTitle	rdfs:label	
ERROR	missing_label	https://bioportal.bioontology.org/ontologies/FASTO/daysToLoseOrGainWeight	rdfs:label	
ERROR	missing_label	https://bioportal.bioontology.org/ontologies/FASTO/deadlift	rdfs:label	
ERROR	missing_label	https://bioportal.bioontology.org/ontologies/FASTO/dietLearningTopic	rdfs:label	
ERROR	missing_label	https://bioportal.bioontology.org/ontologies/FASTO/dinnerGlucoseObservationValue	rdfs:label	
ERROR	missing_label	https://bioportal.bioontology.org/ontologies/FASTO/disorder_of_placenta	rdfs:label	
ERROR	missing_label	https://bioportal.bioontology.org/ontologies/FASTO/disorder_of_pregnancy	rdfs:label	
ERROR	missing_label	https://bioportal.bioontology.org/ontologies/FASTO/disorder_of_product_of_conception	rdfs:label	
ERROR	missing_label	https://bioportal.bioontology.org/ontologies/FASTO/educationRecord	rdfs:label	
ERROR	missing_label	https://bioportal.bioontology.org/ontologies/FASTO/educationRecordPeriod	rdfs:label	
ERROR	missing_label	https://bioportal.bioontology.org/ontologies/FASTO/educationalAchievement	rdfs:label	
ERROR	missing_label	https://bioportal.bioontology.org/ontologies/FASTO/emergencyLearningTopic	rdfs:label	
ERROR	missing_label	https://bioportal.bioontology.org/ontologies/FASTO/enamel-renal_syndrome	rdfs:label	
ERROR	missing_label	https://bioportal.bioontology.org/ontologies/FASTO/end_stage_renal_disease	rdfs:label	
ERROR	missing_label	https://bioportal.bioontology.org/ontologies/FASTO/end_stage_renal_failure_on_dialysis	rdfs:label	
ERROR	missing_label	https://bioportal.bioontology.org/ontologies/FASTO/exerciseByCalories	rdfs:label	
ERROR	missing_label	https://bioportal.bioontology.org/ontologies/FASTO/exerciseByMET	rdfs:label	
ERROR	missing_label	https://bioportal.bioontology.org/ontologies/FASTO/exerciseContradicteWithDrug	rdfs:label	
ERROR	missing_label	https://bioportal.bioontology.org/ontologies/FASTO/exerciseGlucoseObservationValue	rdfs:label	
ERROR	missing_label	https://bioportal.bioontology.org/ontologies/FASTO/exerciseLearningTopic	rdfs:label	
ERROR	missing_label	https://bioportal.bioontology.org/ontologies/FASTO/exercisePlan	rdfs:label	
ERROR	missing_label	https://bioportal.bioontology.org/ontologies/FASTO/exercisePlan.component.activityDuration	rdfs:label	
ERROR	missing_label	https://bioportal.bioontology.org/ontologies/FASTO/exercisePlan.component.activityFrequency	rdfs:label	
ERROR	missing_label	https://bioportal.bioontology.org/ontologies/FASTO/exercisePlan.component.exerciseType	rdfs:label	
ERROR	missing_label	https://bioportal.bioontology.org/ontologies/FASTO/exercisePlan.component.intensity	rdfs:label	
ERROR	missing_label	https://bioportal.bioontology.org/ontologies/FASTO/exercisePlan.component.repetitions	rdfs:label	
ERROR	missing_label	https://bioportal.bioontology.org/ontologies/FASTO/exercisePlan.component.totalWeeklyDuration	rdfs:label	
ERROR	missing_label	https://bioportal.bioontology.org/ontologies/FASTO/exercisePlan.creator	rdfs:label	
ERROR	missing_label	https://bioportal.bioontology.org/ontologies/FASTO/exercisePlan.dateCreated	rdfs:label	
ERROR	missing_label	https://bioportal.bioontology.org/ontologies/FASTO/exercisePlan.dateModified	rdfs:label	
ERROR	missing_label	https://bioportal.bioontology.org/ontologies/FASTO/exercisePlan.expires	rdfs:label	
ERROR	missing_label	https://bioportal.bioontology.org/ontologies/FASTO/exercisePlan.goal	rdfs:label	
ERROR	missing_label	https://bioportal.bioontology.org/ontologies/FASTO/exercisePlan.haspart	rdfs:label	
ERROR	missing_label	https://bioportal.bioontology.org/ontologies/FASTO/exercisePlan.isPartOf	rdfs:label	
ERROR	missing_label	https://bioportal.bioontology.org/ontologies/FASTO/exercisePlan.neededCalories	rdfs:label	
ERROR	missing_label	https://bioportal.bioontology.org/ontologies/FASTO/exercisePlan.neededCarbs	rdfs:label	
ERROR	missing_label	https://bioportal.bioontology.org/ontologies/FASTO/exercisePlan.subject	rdfs:label	
ERROR	missing_label	https://bioportal.bioontology.org/ontologies/FASTO/exercisePlanComponent	rdfs:label	
ERROR	missing_label	https://bioportal.bioontology.org/ontologies/FASTO/fetal_anemia	rdfs:label	
ERROR	missing_label	https://bioportal.bioontology.org/ontologies/FASTO/forbiddenFromExercise	rdfs:label	
ERROR	missing_label	https://bioportal.bioontology.org/ontologies/FASTO/games	rdfs:label	
ERROR	missing_label	https://bioportal.bioontology.org/ontologies/FASTO/gender_female	rdfs:label	
ERROR	missing_label	https://bioportal.bioontology.org/ontologies/FASTO/graph	rdfs:label	
ERROR	missing_label	https://bioportal.bioontology.org/ontologies/FASTO/hasBasalInsulinBedTimeAdjustment	rdfs:label	
ERROR	missing_label	https://bioportal.bioontology.org/ontologies/FASTO/hasBasalInsulinMorningAdjustment	rdfs:label	
ERROR	missing_label	https://bioportal.bioontology.org/ontologies/FASTO/hasCaloriesForCurrentWeight	rdfs:label	
ERROR	missing_label	https://bioportal.bioontology.org/ontologies/FASTO/hasCompendiumCode	rdfs:label	
ERROR	missing_label	https://bioportal.bioontology.org/ontologies/FASTO/hasCourse	rdfs:label	
ERROR	missing_label	https://bioportal.bioontology.org/ontologies/FASTO/hasDescription	rdfs:label	
ERROR	missing_label	https://bioportal.bioontology.org/ontologies/FASTO/hasEducationRecord	rdfs:label	
ERROR	missing_label	https://bioportal.bioontology.org/ontologies/FASTO/hasForbiddenExercise	rdfs:label	
ERROR	missing_label	https://bioportal.bioontology.org/ontologies/FASTO/hasHeading	rdfs:label	
ERROR	missing_label	https://bioportal.bioontology.org/ontologies/FASTO/hasHighestIdealWeightInKG	rdfs:label	
ERROR	missing_label	https://bioportal.bioontology.org/ontologies/FASTO/hasLearningCourse	rdfs:label	
ERROR	missing_label	https://bioportal.bioontology.org/ontologies/FASTO/hasLearningStyle	rdfs:label	
ERROR	missing_label	https://bioportal.bioontology.org/ontologies/FASTO/hasLearningTopic	rdfs:label	
ERROR	missing_label	https://bioportal.bioontology.org/ontologies/FASTO/hasLifeStyle	rdfs:label	
ERROR	missing_label	https://bioportal.bioontology.org/ontologies/FASTO/hasLowestIdealWeightInKG	rdfs:label	
ERROR	missing_label	https://bioportal.bioontology.org/ontologies/FASTO/hasMET	rdfs:label	
ERROR	missing_label	https://bioportal.bioontology.org/ontologies/FASTO/hasNotPreferredExercise	rdfs:label	
ERROR	missing_label	https://bioportal.bioontology.org/ontologies/FASTO/hasPreferedBGUoM	rdfs:label	
ERROR	missing_label	https://bioportal.bioontology.org/ontologies/FASTO/hasPreferredExercise	rdfs:label	
ERROR	missing_label	https://bioportal.bioontology.org/ontologies/FASTO/hasQuantityInUnits	rdfs:label	
ERROR	missing_label	https://bioportal.bioontology.org/ontologies/FASTO/hasRecommendedExercise	rdfs:label	
ERROR	missing_label	https://bioportal.bioontology.org/ontologies/FASTO/hasValidDate	rdfs:label	
ERROR	missing_label	https://bioportal.bioontology.org/ontologies/FASTO/heartRateValue	rdfs:label	
ERROR	missing_label	https://bioportal.bioontology.org/ontologies/FASTO/image	rdfs:label	
ERROR	missing_label	https://bioportal.bioontology.org/ontologies/FASTO/inch	rdfs:label	
ERROR	missing_label	https://bioportal.bioontology.org/ontologies/FASTO/insulinLearningTopic	rdfs:label	
ERROR	missing_label	https://bioportal.bioontology.org/ontologies/FASTO/intensity_level_mild	rdfs:label	
ERROR	missing_label	https://bioportal.bioontology.org/ontologies/FASTO/intensity_level_mild_code	rdfs:label	
ERROR	missing_label	https://bioportal.bioontology.org/ontologies/FASTO/intensity_level_mild_display	rdfs:label	
ERROR	missing_label	https://bioportal.bioontology.org/ontologies/FASTO/intensity_level_moderate	rdfs:label	
ERROR	missing_label	https://bioportal.bioontology.org/ontologies/FASTO/intensity_level_moderate_code	rdfs:label	
ERROR	missing_label	https://bioportal.bioontology.org/ontologies/FASTO/intensity_level_moderate_display	rdfs:label	
ERROR	missing_label	https://bioportal.bioontology.org/ontologies/FASTO/intensity_level_moderate_to_severe	rdfs:label	
ERROR	missing_label	https://bioportal.bioontology.org/ontologies/FASTO/intensity_level_moderate_to_severe_code	rdfs:label	
ERROR	missing_label	https://bioportal.bioontology.org/ontologies/FASTO/intensity_level_moderate_to_severe_display	rdfs:label	
ERROR	missing_label	https://bioportal.bioontology.org/ontologies/FASTO/intensity_level_severe	rdfs:label	
ERROR	missing_label	https://bioportal.bioontology.org/ontologies/FASTO/intensity_level_severe_code	rdfs:label	
ERROR	missing_label	https://bioportal.bioontology.org/ontologies/FASTO/intensity_level_severe_display	rdfs:label	
ERROR	missing_label	https://bioportal.bioontology.org/ontologies/FASTO/isCurrent	rdfs:label	
ERROR	missing_label	https://bioportal.bioontology.org/ontologies/FASTO/jarring	rdfs:label	
ERROR	missing_label	https://bioportal.bioontology.org/ontologies/FASTO/lastDateAdjusted	rdfs:label	
ERROR	missing_label	https://bioportal.bioontology.org/ontologies/FASTO/lateral_pulldown	rdfs:label	
ERROR	missing_label	https://bioportal.bioontology.org/ontologies/FASTO/learningCourse	rdfs:label	
ERROR	missing_label	https://bioportal.bioontology.org/ontologies/FASTO/learningCourseCode	rdfs:label	
ERROR	missing_label	https://bioportal.bioontology.org/ontologies/FASTO/learningCourse_insulin_reading_insulinDosage	rdfs:label	
ERROR	missing_label	https://bioportal.bioontology.org/ontologies/FASTO/learningCourse_insulin_reading_insulinSideEffect	rdfs:label	
ERROR	missing_label	https://bioportal.bioontology.org/ontologies/FASTO/learningCourse_insulin_reading_insulinStorage	rdfs:label	
ERROR	missing_label	https://bioportal.bioontology.org/ontologies/FASTO/learningCourse_insulin_reading_insulinTypes	rdfs:label	
ERROR	missing_label	https://bioportal.bioontology.org/ontologies/FASTO/learningCourse_insulin_reading_type_1_diabetes	rdfs:label	
ERROR	missing_label	https://bioportal.bioontology.org/ontologies/FASTO/learningCourse_insulin_reading_what_is_insulin	rdfs:label	
ERROR	missing_label	https://bioportal.bioontology.org/ontologies/FASTO/learningCourse_insulin_visual_insulinDosage	rdfs:label	
ERROR	missing_label	https://bioportal.bioontology.org/ontologies/FASTO/learningCourse_insulin_visual_insulinSensitivity	rdfs:label	
ERROR	missing_label	https://bioportal.bioontology.org/ontologies/FASTO/learningCourse_insulin_visual_insulinTherapy	rdfs:label	
ERROR	missing_label	https://bioportal.bioontology.org/ontologies/FASTO/learningCourse_insulin_visual_type_1_diabetes	rdfs:label	
ERROR	missing_label	https://bioportal.bioontology.org/ontologies/FASTO/learningStyle	rdfs:label	
ERROR	missing_label	https://bioportal.bioontology.org/ontologies/FASTO/learningTopic	rdfs:label	
ERROR	missing_label	https://bioportal.bioontology.org/ontologies/FASTO/learning_insulin_education_codeable	rdfs:label	
ERROR	missing_label	https://bioportal.bioontology.org/ontologies/FASTO/learning_insulin_education_coding	rdfs:label	
ERROR	missing_label	https://bioportal.bioontology.org/ontologies/FASTO/learning_insulin_education_coding_code	rdfs:label	
ERROR	missing_label	https://bioportal.bioontology.org/ontologies/FASTO/learning_insulin_education_coding_display	rdfs:label	
ERROR	missing_label	https://bioportal.bioontology.org/ontologies/FASTO/lunchGlucoseObservationValue	rdfs:label	
ERROR	missing_label	https://bioportal.bioontology.org/ontologies/FASTO/lunge	rdfs:label	
ERROR	missing_label	https://bioportal.bioontology.org/ontologies/FASTO/meal.totalBolusInsulinDosage	rdfs:label	
ERROR	missing_label	https://bioportal.bioontology.org/ontologies/FASTO/medicationLearningTopic	rdfs:label	
ERROR	missing_label	https://bioportal.bioontology.org/ontologies/FASTO/milligram_per_deciliter_per_unit	rdfs:label	
ERROR	missing_label	https://bioportal.bioontology.org/ontologies/FASTO/millimoles_per_litre_per_unit	rdfs:label	
ERROR	missing_label	https://bioportal.bioontology.org/ontologies/FASTO/monitoringLearningTopic	rdfs:label	
ERROR	missing_label	https://bioportal.bioontology.org/ontologies/FASTO/neededToEatCarbs	rdfs:label	
ERROR	missing_label	https://bioportal.bioontology.org/ontologies/FASTO/neededToPlayExercise	rdfs:label	
ERROR	missing_label	https://bioportal.bioontology.org/ontologies/FASTO/normalWeight_condition	rdfs:label	
ERROR	missing_label	https://bioportal.bioontology.org/ontologies/FASTO/normalWeight_condition_codeable	rdfs:label	
ERROR	missing_label	https://bioportal.bioontology.org/ontologies/FASTO/normalWeight_condition_codeable_coding	rdfs:label	
ERROR	missing_label	https://bioportal.bioontology.org/ontologies/FASTO/normalWeight_condition_codeable_coding_code	rdfs:label	
ERROR	missing_label	https://bioportal.bioontology.org/ontologies/FASTO/normalWeight_condition_codeable_coding_display	rdfs:label	
ERROR	missing_label	https://bioportal.bioontology.org/ontologies/FASTO/normal_weight	rdfs:label	
ERROR	missing_label	https://bioportal.bioontology.org/ontologies/FASTO/notForbiddenFromExercise	rdfs:label	
ERROR	missing_label	https://bioportal.bioontology.org/ontologies/FASTO/overWeight_condition	rdfs:label	
ERROR	missing_label	https://bioportal.bioontology.org/ontologies/FASTO/overWeight_condition_codeable	rdfs:label	
ERROR	missing_label	https://bioportal.bioontology.org/ontologies/FASTO/overWeight_condition_codeable_coding	rdfs:label	
ERROR	missing_label	https://bioportal.bioontology.org/ontologies/FASTO/overWeight_condition_codeable_coding_code	rdfs:label	
ERROR	missing_label	https://bioportal.bioontology.org/ontologies/FASTO/overWeight_condition_codeable_coding_display	rdfs:label	
ERROR	missing_label	https://bioportal.bioontology.org/ontologies/FASTO/overweight	rdfs:label	
ERROR	missing_label	https://bioportal.bioontology.org/ontologies/FASTO/overweight_in_childhood	rdfs:label	
ERROR	missing_label	https://bioportal.bioontology.org/ontologies/FASTO/participant_practitioner_1	rdfs:label	
ERROR	missing_label	https://bioportal.bioontology.org/ontologies/FASTO/participant_practitioner_1_codeable	rdfs:label	
ERROR	missing_label	https://bioportal.bioontology.org/ontologies/FASTO/participant_practitioner_1_codeable_coding	rdfs:label	
ERROR	missing_label	https://bioportal.bioontology.org/ontologies/FASTO/participant_practitioner_1_codeable_coding_code	rdfs:label	
ERROR	missing_label	https://bioportal.bioontology.org/ontologies/FASTO/participant_practitioner_1_codeable_coding_display	rdfs:label	
ERROR	missing_label	https://bioportal.bioontology.org/ontologies/FASTO/patientHasNoRapidActingContradict	rdfs:label	
ERROR	missing_label	https://bioportal.bioontology.org/ontologies/FASTO/patient_1	rdfs:label	
ERROR	missing_label	https://bioportal.bioontology.org/ontologies/FASTO/patient_1_carePlan_1_exercise_activityComponent_codeable	rdfs:label	
ERROR	missing_label	https://bioportal.bioontology.org/ontologies/FASTO/patient_1_carePlan_1_exercise_activityComponent_codeable_coding	rdfs:label	
ERROR	missing_label	https://bioportal.bioontology.org/ontologies/FASTO/patient_1_carePlan_1_exercise_activityComponent_codeable_coding_code	rdfs:label	
ERROR	missing_label	https://bioportal.bioontology.org/ontologies/FASTO/patient_1_carePlan_1_exercise_activityComponent_codeable_coding_display	rdfs:label	
ERROR	missing_label	https://bioportal.bioontology.org/ontologies/FASTO/patient_1_diet_1	rdfs:label	
ERROR	missing_label	https://bioportal.bioontology.org/ontologies/FASTO/patient_1_exercisePlan_1	rdfs:label	
ERROR	missing_label	https://bioportal.bioontology.org/ontologies/FASTO/patient_1_exercisePlan_1_part_1_rage_low	rdfs:label	
ERROR	missing_label	https://bioportal.bioontology.org/ontologies/FASTO/patient_1_exercisePlan_1_part_1_rage_low_quantity	rdfs:label	
ERROR	missing_label	https://bioportal.bioontology.org/ontologies/FASTO/physicalExercise.code	rdfs:label	
ERROR	missing_label	https://bioportal.bioontology.org/ontologies/FASTO/physicalExerciseType	rdfs:label	
ERROR	missing_label	https://bioportal.bioontology.org/ontologies/FASTO/placenta_previa	rdfs:label	
ERROR	missing_label	https://bioportal.bioontology.org/ontologies/FASTO/placenta_previa_centralis	rdfs:label	
ERROR	missing_label	https://bioportal.bioontology.org/ontologies/FASTO/placenta_previa_marginalis	rdfs:label	
ERROR	missing_label	https://bioportal.bioontology.org/ontologies/FASTO/placenta_previa_partialis	rdfs:label	
ERROR	missing_label	https://bioportal.bioontology.org/ontologies/FASTO/placenta_previa_with_hemorrhage	rdfs:label	
ERROR	missing_label	https://bioportal.bioontology.org/ontologies/FASTO/placenta_previa_without_hemorrhage	rdfs:label	
ERROR	missing_label	https://bioportal.bioontology.org/ontologies/FASTO/postoperative_renal_failure	rdfs:label	
ERROR	missing_label	https://bioportal.bioontology.org/ontologies/FASTO/pound	rdfs:label	
ERROR	missing_label	https://bioportal.bioontology.org/ontologies/FASTO/prerenal_renal_failure	rdfs:label	
ERROR	missing_label	https://bioportal.bioontology.org/ontologies/FASTO/push_up	rdfs:label	
ERROR	missing_label	https://bioportal.bioontology.org/ontologies/FASTO/reading	rdfs:label	
ERROR	missing_label	https://bioportal.bioontology.org/ontologies/FASTO/realTimeMonitoringValue	rdfs:label	
ERROR	missing_label	https://bioportal.bioontology.org/ontologies/FASTO/renal_failure	rdfs:label	
ERROR	missing_label	https://bioportal.bioontology.org/ontologies/FASTO/rowing	rdfs:label	
ERROR	missing_label	https://bioportal.bioontology.org/ontologies/FASTO/severe_obesity	rdfs:label	
ERROR	missing_label	https://bioportal.bioontology.org/ontologies/FASTO/smokingObservation	rdfs:label	
ERROR	missing_label	https://bioportal.bioontology.org/ontologies/FASTO/smokingObservation_code	rdfs:label	
ERROR	missing_label	https://bioportal.bioontology.org/ontologies/FASTO/smokingObservation_display	rdfs:label	
ERROR	missing_label	https://bioportal.bioontology.org/ontologies/FASTO/squat	rdfs:label	
ERROR	missing_label	https://bioportal.bioontology.org/ontologies/FASTO/tricep_pushdown	rdfs:label	
ERROR	missing_label	https://bioportal.bioontology.org/ontologies/FASTO/underWeight_condition	rdfs:label	
ERROR	missing_label	https://bioportal.bioontology.org/ontologies/FASTO/underWeight_condition_codeable	rdfs:label	
ERROR	missing_label	https://bioportal.bioontology.org/ontologies/FASTO/underWeight_condition_codeable_coding	rdfs:label	
ERROR	missing_label	https://bioportal.bioontology.org/ontologies/FASTO/underWeight_condition_codeable_coding_code	rdfs:label	
ERROR	missing_label	https://bioportal.bioontology.org/ontologies/FASTO/underWeight_condition_codeable_coding_display	rdfs:label	
ERROR	missing_label	https://bioportal.bioontology.org/ontologies/FASTO/underweight	rdfs:label	
ERROR	missing_label	https://bioportal.bioontology.org/ontologies/FASTO/variation_of_placental_position	rdfs:label	
ERROR	missing_label	https://bioportal.bioontology.org/ontologies/FASTO/video	rdfs:label	
ERROR	missing_label	https://bioportal.bioontology.org/ontologies/FASTO/visual	rdfs:label	
ERROR	missing_label	https://bioportal.bioontology.org/ontologies/FASTO/weight_finding	rdfs:label	
ERROR	missing_ontology_description	https://bioportal.bioontology.org/ontologies/FASTO.owl	dc:description	
ERROR	missing_ontology_license	https://bioportal.bioontology.org/ontologies/FASTO.owl	dc:license	
ERROR	missing_ontology_title	https://bioportal.bioontology.org/ontologies/FASTO.owl	dc:title	
WARN	missing_definition	https://bioportal.bioontology.org/ontologies/FASTO/Meal.correctionInsulinUnits	IAO:0000115	
WARN	missing_definition	https://bioportal.bioontology.org/ontologies/FASTO/Meal.insulinUnitsForCarbs	IAO:0000115	
WARN	missing_definition	https://bioportal.bioontology.org/ontologies/FASTO/Meal.insulinUnitsForExercise	IAO:0000115	
WARN	missing_definition	https://bioportal.bioontology.org/ontologies/FASTO/Meal.totalCalories	IAO:0000115	
WARN	missing_definition	https://bioportal.bioontology.org/ontologies/FASTO/Meal.totalCarbsInGrams	IAO:0000115	
WARN	missing_definition	https://bioportal.bioontology.org/ontologies/FASTO/Meal.totalInsulin	IAO:0000115	
WARN	missing_definition	https://bioportal.bioontology.org/ontologies/FASTO/Nutrient.modifier	IAO:0000115	
WARN	missing_definition	https://bioportal.bioontology.org/ontologies/FASTO/NutritionOrder.dailyCalories	IAO:0000115	
WARN	missing_definition	https://bioportal.bioontology.org/ontologies/FASTO/NutritionOrder.meal	IAO:0000115	
WARN	missing_definition	https://bioportal.bioontology.org/ontologies/FASTO/Patient.communication.language	IAO:0000115	
WARN	missing_definition	https://bioportal.bioontology.org/ontologies/FASTO/acute_Chagas'_disease	IAO:0000115	
WARN	missing_definition	https://bioportal.bioontology.org/ontologies/FASTO/acute_amebiasis	IAO:0000115	
WARN	missing_definition	https://bioportal.bioontology.org/ontologies/FASTO/acute_amebic_dysentery	IAO:0000115	
WARN	missing_definition	https://bioportal.bioontology.org/ontologies/FASTO/acute_amebic_dysentery_without_abscess	IAO:0000115	
WARN	missing_definition	https://bioportal.bioontology.org/ontologies/FASTO/acute_and_fulminating_melioidosis	IAO:0000115	
WARN	missing_definition	https://bioportal.bioontology.org/ontologies/FASTO/acute_bacterial_paronychia	IAO:0000115	
WARN	missing_definition	https://bioportal.bioontology.org/ontologies/FASTO/acute_bacterial_peritonitis	IAO:0000115	
WARN	missing_definition	https://bioportal.bioontology.org/ontologies/FASTO/acute_bacterial_sialadenitis	IAO:0000115	
WARN	missing_definition	https://bioportal.bioontology.org/ontologies/FASTO/acute_clonorchiasis	IAO:0000115	
WARN	missing_definition	https://bioportal.bioontology.org/ontologies/FASTO/acute_infection_of_bone	IAO:0000115	
WARN	missing_definition	https://bioportal.bioontology.org/ontologies/FASTO/acute_infectious_disease	IAO:0000115	
WARN	missing_definition	https://bioportal.bioontology.org/ontologies/FASTO/acute_osteomyelitis	IAO:0000115	
WARN	missing_definition	https://bioportal.bioontology.org/ontologies/FASTO/acute_postoperative_renal_failure	IAO:0000115	
WARN	missing_definition	https://bioportal.bioontology.org/ontologies/FASTO/aquarobic	IAO:0000115	
WARN	missing_definition	https://bioportal.bioontology.org/ontologies/FASTO/auditory	IAO:0000115	
WARN	missing_definition	https://bioportal.bioontology.org/ontologies/FASTO/barbell_curl	IAO:0000115	
WARN	missing_definition	https://bioportal.bioontology.org/ontologies/FASTO/basalInsulinAdjustType	IAO:0000115	
WARN	missing_definition	https://bioportal.bioontology.org/ontologies/FASTO/basalInsulinAdjustment	IAO:0000115	
WARN	missing_definition	https://bioportal.bioontology.org/ontologies/FASTO/bedTimeGlucoseObservationValue	IAO:0000115	
WARN	missing_definition	https://bioportal.bioontology.org/ontologies/FASTO/bench_Press	IAO:0000115	
WARN	missing_definition	https://bioportal.bioontology.org/ontologies/FASTO/bent_over_row	IAO:0000115	
WARN	missing_definition	https://bioportal.bioontology.org/ontologies/FASTO/boxing	IAO:0000115	
WARN	missing_definition	https://bioportal.bioontology.org/ontologies/FASTO/breakfastGlucoseObservationValue	IAO:0000115	
WARN	missing_definition	https://bioportal.bioontology.org/ontologies/FASTO/caseStudy	IAO:0000115	
WARN	missing_definition	https://bioportal.bioontology.org/ontologies/FASTO/chart	IAO:0000115	
WARN	missing_definition	https://bioportal.bioontology.org/ontologies/FASTO/chin_or_pull_up	IAO:0000115	
WARN	missing_definition	https://bioportal.bioontology.org/ontologies/FASTO/chronic_renal_failure	IAO:0000115	
WARN	missing_definition	https://bioportal.bioontology.org/ontologies/FASTO/complicationLearningTopic	IAO:0000115	
WARN	missing_definition	https://bioportal.bioontology.org/ontologies/FASTO/courseMaterial	IAO:0000115	
WARN	missing_definition	https://bioportal.bioontology.org/ontologies/FASTO/coursePeriod	IAO:0000115	
WARN	missing_definition	https://bioportal.bioontology.org/ontologies/FASTO/coursePrice	IAO:0000115	
WARN	missing_definition	https://bioportal.bioontology.org/ontologies/FASTO/courseReference	IAO:0000115	
WARN	missing_definition	https://bioportal.bioontology.org/ontologies/FASTO/courseTitle	IAO:0000115	
WARN	missing_definition	https://bioportal.bioontology.org/ontologies/FASTO/daysToLoseOrGainWeight	IAO:0000115	
WARN	missing_definition	https://bioportal.bioontology.org/ontologies/FASTO/deadlift	IAO:0000115	
WARN	missing_definition	https://bioportal.bioontology.org/ontologies/FASTO/dietLearningTopic	IAO:0000115	
WARN	missing_definition	https://bioportal.bioontology.org/ontologies/FASTO/dinnerGlucoseObservationValue	IAO:0000115	
WARN	missing_definition	https://bioportal.bioontology.org/ontologies/FASTO/disorder_of_placenta	IAO:0000115	
WARN	missing_definition	https://bioportal.bioontology.org/ontologies/FASTO/disorder_of_pregnancy	IAO:0000115	
WARN	missing_definition	https://bioportal.bioontology.org/ontologies/FASTO/disorder_of_product_of_conception	IAO:0000115	
WARN	missing_definition	https://bioportal.bioontology.org/ontologies/FASTO/educationRecord	IAO:0000115	
WARN	missing_definition	https://bioportal.bioontology.org/ontologies/FASTO/educationRecordPeriod	IAO:0000115	
WARN	missing_definition	https://bioportal.bioontology.org/ontologies/FASTO/educationalAchievement	IAO:0000115	
WARN	missing_definition	https://bioportal.bioontology.org/ontologies/FASTO/emergencyLearningTopic	IAO:0000115	
WARN	missing_definition	https://bioportal.bioontology.org/ontologies/FASTO/enamel-renal_syndrome	IAO:0000115	
WARN	missing_definition	https://bioportal.bioontology.org/ontologies/FASTO/end_stage_renal_disease	IAO:0000115	
WARN	missing_definition	https://bioportal.bioontology.org/ontologies/FASTO/end_stage_renal_failure_on_dialysis	IAO:0000115	
WARN	missing_definition	https://bioportal.bioontology.org/ontologies/FASTO/exerciseByCalories	IAO:0000115	
WARN	missing_definition	https://bioportal.bioontology.org/ontologies/FASTO/exerciseByMET	IAO:0000115	
WARN	missing_definition	https://bioportal.bioontology.org/ontologies/FASTO/exerciseContradicteWithDrug	IAO:0000115	
WARN	missing_definition	https://bioportal.bioontology.org/ontologies/FASTO/exerciseGlucoseObservationValue	IAO:0000115	
WARN	missing_definition	https://bioportal.bioontology.org/ontologies/FASTO/exerciseLearningTopic	IAO:0000115	
WARN	missing_definition	https://bioportal.bioontology.org/ontologies/FASTO/exercisePlan	IAO:0000115	
WARN	missing_definition	https://bioportal.bioontology.org/ontologies/FASTO/exercisePlan.component.activityDuration	IAO:0000115	
WARN	missing_definition	https://bioportal.bioontology.org/ontologies/FASTO/exercisePlan.component.activityFrequency	IAO:0000115	
WARN	missing_definition	https://bioportal.bioontology.org/ontologies/FASTO/exercisePlan.component.exerciseType	IAO:0000115	
WARN	missing_definition	https://bioportal.bioontology.org/ontologies/FASTO/exercisePlan.component.intensity	IAO:0000115	
WARN	missing_definition	https://bioportal.bioontology.org/ontologies/FASTO/exercisePlan.component.repetitions	IAO:0000115	
WARN	missing_definition	https://bioportal.bioontology.org/ontologies/FASTO/exercisePlan.component.totalWeeklyDuration	IAO:0000115	
WARN	missing_definition	https://bioportal.bioontology.org/ontologies/FASTO/exercisePlan.creator	IAO:0000115	
WARN	missing_definition	https://bioportal.bioontology.org/ontologies/FASTO/exercisePlan.dateCreated	IAO:0000115	
WARN	missing_definition	https://bioportal.bioontology.org/ontologies/FASTO/exercisePlan.dateModified	IAO:0000115	
WARN	missing_definition	https://bioportal.bioontology.org/ontologies/FASTO/exercisePlan.expires	IAO:0000115	
WARN	missing_definition	https://bioportal.bioontology.org/ontologies/FASTO/exercisePlan.goal	IAO:0000115	
WARN	missing_definition	https://bioportal.bioontology.org/ontologies/FASTO/exercisePlan.haspart	IAO:0000115	
WARN	missing_definition	https://bioportal.bioontology.org/ontologies/FASTO/exercisePlan.isPartOf	IAO:0000115	
WARN	missing_definition	https://bioportal.bioontology.org/ontologies/FASTO/exercisePlan.neededCalories	IAO:0000115	
WARN	missing_definition	https://bioportal.bioontology.org/ontologies/FASTO/exercisePlan.neededCarbs	IAO:0000115	
WARN	missing_definition	https://bioportal.bioontology.org/ontologies/FASTO/exercisePlan.subject	IAO:0000115	
WARN	missing_definition	https://bioportal.bioontology.org/ontologies/FASTO/exercisePlanComponent	IAO:0000115	
WARN	missing_definition	https://bioportal.bioontology.org/ontologies/FASTO/forbiddenFromExercise	IAO:0000115	
WARN	missing_definition	https://bioportal.bioontology.org/ontologies/FASTO/games	IAO:0000115	
WARN	missing_definition	https://bioportal.bioontology.org/ontologies/FASTO/graph	IAO:0000115	
WARN	missing_definition	https://bioportal.bioontology.org/ontologies/FASTO/hasBasalInsulinBedTimeAdjustment	IAO:0000115	
WARN	missing_definition	https://bioportal.bioontology.org/ontologies/FASTO/hasBasalInsulinMorningAdjustment	IAO:0000115	
WARN	missing_definition	https://bioportal.bioontology.org/ontologies/FASTO/hasCaloriesForCurrentWeight	IAO:0000115	
WARN	missing_definition	https://bioportal.bioontology.org/ontologies/FASTO/hasCompendiumCode	IAO:0000115	
WARN	missing_definition	https://bioportal.bioontology.org/ontologies/FASTO/hasCourse	IAO:0000115	
WARN	missing_definition	https://bioportal.bioontology.org/ontologies/FASTO/hasDescription	IAO:0000115	
WARN	missing_definition	https://bioportal.bioontology.org/ontologies/FASTO/hasEducationRecord	IAO:0000115	
WARN	missing_definition	https://bioportal.bioontology.org/ontologies/FASTO/hasForbiddenExercise	IAO:0000115	
WARN	missing_definition	https://bioportal.bioontology.org/ontologies/FASTO/hasHeading	IAO:0000115	
WARN	missing_definition	https://bioportal.bioontology.org/ontologies/FASTO/hasHighestIdealWeightInKG	IAO:0000115	
WARN	missing_definition	https://bioportal.bioontology.org/ontologies/FASTO/hasLearningCourse	IAO:0000115	
WARN	missing_definition	https://bioportal.bioontology.org/ontologies/FASTO/hasLearningStyle	IAO:0000115	
WARN	missing_definition	https://bioportal.bioontology.org/ontologies/FASTO/hasLearningTopic	IAO:0000115	
WARN	missing_definition	https://bioportal.bioontology.org/ontologies/FASTO/hasLifeStyle	IAO:0000115	
WARN	missing_definition	https://bioportal.bioontology.org/ontologies/FASTO/hasLowestIdealWeightInKG	IAO:0000115	
WARN	missing_definition	https://bioportal.bioontology.org/ontologies/FASTO/hasMET	IAO:0000115	
WARN	missing_definition	https://bioportal.bioontology.org/ontologies/FASTO/hasNotPreferredExercise	IAO:0000115	
WARN	missing_definition	https://bioportal.bioontology.org/ontologies/FASTO/hasPreferedBGUoM	IAO:0000115	
WARN	missing_definition	https://bioportal.bioontology.org/ontologies/FASTO/hasPreferredExercise	IAO:0000115	
WARN	missing_definition	https://bioportal.bioontology.org/ontologies/FASTO/hasQuantityInUnits	IAO:0000115	
WARN	missing_definition	https://bioportal.bioontology.org/ontologies/FASTO/hasRecommendedExercise	IAO:0000115	
WARN	missing_definition	https://bioportal.bioontology.org/ontologies/FASTO/hasValidDate	IAO:0000115	
WARN	missing_definition	https://bioportal.bioontology.org/ontologies/FASTO/heartRateValue	IAO:0000115	
WARN	missing_definition	https://bioportal.bioontology.org/ontologies/FASTO/image	IAO:0000115	
WARN	missing_definition	https://bioportal.bioontology.org/ontologies/FASTO/insulinLearningTopic	IAO:0000115	
WARN	missing_definition	https://bioportal.bioontology.org/ontologies/FASTO/isCurrent	IAO:0000115	
WARN	missing_definition	https://bioportal.bioontology.org/ontologies/FASTO/lastDateAdjusted	IAO:0000115	
WARN	missing_definition	https://bioportal.bioontology.org/ontologies/FASTO/lateral_pulldown	IAO:0000115	
WARN	missing_definition	https://bioportal.bioontology.org/ontologies/FASTO/learningCourse	IAO:0000115	
WARN	missing_definition	https://bioportal.bioontology.org/ontologies/FASTO/learningCourseCode	IAO:0000115	
WARN	missing_definition	https://bioportal.bioontology.org/ontologies/FASTO/learningStyle	IAO:0000115	
WARN	missing_definition	https://bioportal.bioontology.org/ontologies/FASTO/learningTopic	IAO:0000115	
WARN	missing_definition	https://bioportal.bioontology.org/ontologies/FASTO/lunchGlucoseObservationValue	IAO:0000115	
WARN	missing_definition	https://bioportal.bioontology.org/ontologies/FASTO/lunge	IAO:0000115	
WARN	missing_definition	https://bioportal.bioontology.org/ontologies/FASTO/meal.totalBolusInsulinDosage	IAO:0000115	
WARN	missing_definition	https://bioportal.bioontology.org/ontologies/FASTO/medicationLearningTopic	IAO:0000115	
WARN	missing_definition	https://bioportal.bioontology.org/ontologies/FASTO/monitoringLearningTopic	IAO:0000115	
WARN	missing_definition	https://bioportal.bioontology.org/ontologies/FASTO/neededToEatCarbs	IAO:0000115	
WARN	missing_definition	https://bioportal.bioontology.org/ontologies/FASTO/neededToPlayExercise	IAO:0000115	
WARN	missing_definition	https://bioportal.bioontology.org/ontologies/FASTO/notForbiddenFromExercise	IAO:0000115	
WARN	missing_definition	https://bioportal.bioontology.org/ontologies/FASTO/overweight_in_childhood	IAO:0000115	
WARN	missing_definition	https://bioportal.bioontology.org/ontologies/FASTO/patientHasNoRapidActingContradict	IAO:0000115	
WARN	missing_definition	https://bioportal.bioontology.org/ontologies/FASTO/physicalExercise.code	IAO:0000115	
WARN	missing_definition	https://bioportal.bioontology.org/ontologies/FASTO/physicalExerciseType	IAO:0000115	
WARN	missing_definition	https://bioportal.bioontology.org/ontologies/FASTO/placenta_previa	IAO:0000115	
WARN	missing_definition	https://bioportal.bioontology.org/ontologies/FASTO/placenta_previa_centralis	IAO:0000115	
WARN	missing_definition	https://bioportal.bioontology.org/ontologies/FASTO/placenta_previa_marginalis	IAO:0000115	
WARN	missing_definition	https://bioportal.bioontology.org/ontologies/FASTO/placenta_previa_partialis	IAO:0000115	
WARN	missing_definition	https://bioportal.bioontology.org/ontologies/FASTO/placenta_previa_with_hemorrhage	IAO:0000115	
WARN	missing_definition	https://bioportal.bioontology.org/ontologies/FASTO/placenta_previa_without_hemorrhage	IAO:0000115	
WARN	missing_definition	https://bioportal.bioontology.org/ontologies/FASTO/postoperative_renal_failure	IAO:0000115	
WARN	missing_definition	https://bioportal.bioontology.org/ontologies/FASTO/prerenal_renal_failure	IAO:0000115	
WARN	missing_definition	https://bioportal.bioontology.org/ontologies/FASTO/push_up	IAO:0000115	
WARN	missing_definition	https://bioportal.bioontology.org/ontologies/FASTO/reading	IAO:0000115	
WARN	missing_definition	https://bioportal.bioontology.org/ontologies/FASTO/realTimeMonitoringValue	IAO:0000115	
WARN	missing_definition	https://bioportal.bioontology.org/ontologies/FASTO/renal_failure	IAO:0000115	
WARN	missing_definition	https://bioportal.bioontology.org/ontologies/FASTO/rowing	IAO:0000115	
WARN	missing_definition	https://bioportal.bioontology.org/ontologies/FASTO/squat	IAO:0000115	
WARN	missing_definition	https://bioportal.bioontology.org/ontologies/FASTO/tricep_pushdown	IAO:0000115	
WARN	missing_definition	https://bioportal.bioontology.org/ontologies/FASTO/variation_of_placental_position	IAO:0000115	
WARN	missing_definition	https://bioportal.bioontology.org/ontologies/FASTO/video	IAO:0000115	
WARN	missing_definition	https://bioportal.bioontology.org/ontologies/FASTO/visual	IAO:0000115	
WARN	missing_definition	https://bioportal.bioontology.org/ontologies/FASTO/weight_finding	IAO:0000115	
